time_millisecond,arousal,player_speed,zombie_speed,fog_start_dist,fog_end_dist,current_round,zombie_threshold,zombie_increase_power,max_zombie_alive,number_of_alive_zombies,number_of_killed_zombies,grenade_regen_delay,medic_regen_delay,calibrating,adaptation_condition
4900,0,1,1,300,1000,1,5,1.3,5,1,0,30,30,0,1
4900,0,1,1,300,1000,1,5,1.3,5,1,0,30,30,0,1
4900,0,1,1,300,1000,1,5,1.3,5,1,0,30,30,0,1
4900,0,1,1,300,1000,1,5,1.3,5,1,0,30,30,0,1
5900,0,1,1,300,1000,1,5,1.3,5,2,0,30,30,0,1
6900,0,1,1,300,1000,1,5,1.3,5,3,0,30,30,0,1
7900,0,1,1,300,1000,1,5,1.3,5,4,0,30,30,0,1
8900,0,1,1,300,1000,1,5,1.3,5,5,0,30,30,0,1
30010,0,1,1,300,1000,2,5,1.3,5,0,5,30,30,0,1
30010,0,1,1,300,1000,2,5,1.3,7,0,5,30,30,0,1
30010,0,1,1,300,1000,2,8,1.3,7,0,5,30,30,0,1
40010,0,1,1,300,1000,2,8,1.3,7,1,5,30,30,0,1
40010,0,1,1,300,1000,2,8,1.3,7,2,5,30,30,0,1
41020,0,1,1,300,1000,2,8,1.3,7,3,5,30,30,0,1
41020,0,1,1,300,1000,2,8,1.3,7,4,5,30,30,0,1
42020,0,1,1,300,1000,2,8,1.3,7,5,5,30,30,0,1
42020,0,1,1,300,1000,2,8,1.3,7,6,5,30,30,0,1
43040,0,1,1,300,1000,2,8,1.3,7,7,5,30,30,0,1
46040,0,1,1,300,1000,2,8,1.3,7,7,6,30,30,0,1
74190,0,1,1,300,1000,3,8,1.3,7,0,13,30,30,0,1
74190,0,1,1,300,1000,3,8,1.3,10,0,13,30,30,0,1
74190,0,1,1,300,1000,3,14,1.3,10,0,13,30,30,0,1
84190,0,1,1,300,1000,3,14,1.3,10,1,13,30,30,0,1
84190,0,1,1,300,1000,3,14,1.3,10,2,13,30,30,0,1
84190,0,1,1,300,1000,3,14,1.3,10,3,13,30,30,0,1
84190,0,1,1,300,1000,3,14,1.3,10,4,13,30,30,0,1
85190,0,1,1,300,1000,3,14,1.3,10,5,13,30,30,0,1
85190,0,1,1,300,1000,3,14,1.3,10,6,13,30,30,0,1
85190,0,1,1,300,1000,3,14,1.3,10,7,13,30,30,0,1
85190,0,1,1,300,1000,3,14,1.3,10,8,13,30,30,0,1
86200,0,1,1,300,1000,3,14,1.3,10,9,13,30,30,0,1
86200,0,1,1,300,1000,3,14,1.3,10,10,13,30,30,0,1
88210,0,1,1,300,1000,3,14,1.3,10,10,14,30,30,0,1
89210,0,1,1,300,1000,3,14,1.3,10,10,15,30,30,0,1
91220,0,1,1,300,1000,3,14,1.3,10,10,16,30,30,0,1
94240,0,1,1,300,1000,3,14,1.3,10,10,17,30,30,0,1
152520,0,1,1,300,1000,4,14,1.3,10,0,27,30,30,0,1
152520,0,1,1,300,1000,4,14,1.3,15,0,27,30,30,0,1
152520,0,1,1,300,1000,4,30,1.3,15,0,27,30,30,0,1
162540,0,1,1,300,1000,4,30,1.3,15,1,27,30,30,0,1
162540,0,1,1,300,1000,4,30,1.3,15,2,27,30,30,0,1
162540,0,1,1,300,1000,4,30,1.3,15,3,27,30,30,0,1
162540,0,1,1,300,1000,4,30,1.3,15,4,27,30,30,0,1
162540,0,1,1,300,1000,4,30,1.3,15,5,27,30,30,0,1
162540,0,1,1,300,1000,4,30,1.3,15,6,27,30,30,0,1
162540,0,1,1,300,1000,4,30,1.3,15,7,27,30,30,0,1
162540,0,1,1,300,1000,4,30,1.3,15,8,27,30,30,0,1
162540,0,1,1,300,1000,4,30,1.3,15,9,27,30,30,0,1
163540,0,1,1,300,1000,4,30,1.3,15,10,27,30,30,0,1
163540,0,1,1,300,1000,4,30,1.3,15,11,27,30,30,0,1
163540,0,1,1,300,1000,4,30,1.3,15,12,27,30,30,0,1
163540,0,1,1,300,1000,4,30,1.3,15,13,27,30,30,0,1
163540,0,1,1,300,1000,4,30,1.3,15,14,27,30,30,0,1
163540,0,1,1,300,1000,4,30,1.3,15,15,27,30,30,0,1
164540,0,1,1,300,1000,4,30,1.3,15,15,28,30,30,0,1
165550,0,1,1,300,1000,4,30,1.3,15,15,29,30,30,0,1
168560,0,1,1,300,1000,4,30,1.3,15,14,31,30,30,0,1
168560,0,1,1,300,1000,4,30,1.3,15,15,31,30,30,0,1
171570,0,1,1,300,1000,4,30,1.3,15,15,32,30,30,0,1
174590,0,1,1,300,1000,4,30,1.3,15,15,33,30,30,0,1
176600,0,1,1,300,1000,4,30,1.3,15,15,34,30,30,0,1
177610,0,1,1,300,1000,4,30,1.3,15,15,35,30,30,0,1
179610,0,1,1,300,1000,4,30,1.3,15,15,36,30,30,0,1
182640,0,1,1,300,1000,4,30,1.3,15,15,37,30,30,0,1
184640,0,1,1,300,1000,4,30,1.3,15,15,38,30,30,0,1
185650,0,1,1,300,1000,4,30,1.3,15,15,39,30,30,0,1
188660,0,1,1,300,1000,4,30,1.3,15,11,44,30,30,0,1
188660,0,1,1,300,1000,4,30,1.3,15,12,44,30,30,0,1
188660,0,1,1,300,1000,4,30,1.3,15,13,44,30,30,0,1
201060,0,1,1,300,1000,1,5,1.3,5,0,0,30,30,0,0
201060,0,1,1,300,1000,1,5,1.3,5,0,0,30,30,0,0
201060,0,1,1,300,1000,1,5,1.3,5,0,0,30,30,0,0
201060,0,1,1,300,1000,1,5,1.3,5,0,0,30,30,0,0
201060,0,1,1,300,1000,1,5,1.3,5,0,0,30,30,0,0
201060,0,1,1,300,1000,1,5,1.3,5,0,0,30,30,0,0
206050,0,1,1,300,1000,1,5,1.3,5,1,0,30,30,0,1
206050,0,1,1,300,1000,1,5,1.3,5,1,0,30,30,0,1
206050,0,1,1,300,1000,1,5,1.3,5,1,0,30,30,0,1
206050,0,1,1,300,1000,1,5,1.3,5,1,0,30,30,0,1
207060,0,1,1,300,1000,1,5,1.3,5,2,0,30,30,0,1
208070,0,1,1,300,1000,1,5,1.3,5,3,0,30,30,0,1
209070,0,1,1,300,1000,1,5,1.3,5,4,0,30,30,0,1
210070,0,1,1,300,1000,1,5,1.3,5,5,0,30,30,0,1
231180,0,1,1,300,1000,2,5,1.3,5,0,5,30,30,0,1
231180,0,1,1,300,1000,2,5,1.3,7,0,5,30,30,0,1
231180,0,1,1,300,1000,2,8,1.3,7,0,5,30,30,0,1
241180,0,1,1,300,1000,2,8,1.3,7,1,5,30,30,0,1
241180,0,1,1,300,1000,2,8,1.3,7,2,5,30,30,0,1
242190,0,1,1,300,1000,2,8,1.3,7,3,5,30,30,0,1
242190,0,1,1,300,1000,2,8,1.3,7,4,5,30,30,0,1
243190,0,1,1,300,1000,2,8,1.3,7,5,5,30,30,0,1
243190,0,1,1,300,1000,2,8,1.3,7,6,5,30,30,0,1
244190,0,1,1,300,1000,2,8,1.3,7,6,6,30,30,0,1
244190,0,1,1,300,1000,2,8,1.3,7,7,6,30,30,0,1
271330,0,1,1,300,1000,3,8,1.3,7,0,13,30,30,0,1
271330,0,1,1,300,1000,3,8,1.3,10,0,13,30,30,0,1
271330,0,1,1,300,1000,3,14,1.3,10,0,13,30,30,0,1
281340,0,1,1,300,1000,3,14,1.3,10,1,13,30,30,0,1
281340,0,1,1,300,1000,3,14,1.3,10,2,13,30,30,0,1
281340,0,1,1,300,1000,3,14,1.3,10,3,13,30,30,0,1
281340,0,1,1,300,1000,3,14,1.3,10,4,13,30,30,0,1
282340,0,1,1,300,1000,3,14,1.3,10,5,13,30,30,0,1
282340,0,1,1,300,1000,3,14,1.3,10,6,13,30,30,0,1
282340,0,1,1,300,1000,3,14,1.3,10,7,13,30,30,0,1
282340,0,1,1,300,1000,3,14,1.3,10,8,13,30,30,0,1
283350,0,1,1,300,1000,3,14,1.3,10,8,14,30,30,0,1
283350,0,1,1,300,1000,3,14,1.3,10,9,14,30,30,0,1
283350,0,1,1,300,1000,3,14,1.3,10,10,14,30,30,0,1
284350,0,1,1,300,1000,3,14,1.3,10,10,15,30,30,0,1
286370,0,1,1,300,1000,3,14,1.3,10,10,16,30,30,0,1
290380,0,1,1,300,1000,3,14,1.3,10,10,17,30,30,0,1
305450,0,1,1,300,1000,4,14,1.3,10,0,27,30,30,0,1
305450,0,1,1,300,1000,4,14,1.3,15,0,27,30,30,0,1
305450,0,1,1,300,1000,4,30,1.3,15,0,27,30,30,0,1
315470,0,1,1,300,1000,4,30,1.3,15,1,27,30,30,0,1
315470,0,1,1,300,1000,4,30,1.3,15,2,27,30,30,0,1
315470,0,1,1,300,1000,4,30,1.3,15,3,27,30,30,0,1
315470,0,1,1,300,1000,4,30,1.3,15,4,27,30,30,0,1
315470,0,1,1,300,1000,4,30,1.3,15,5,27,30,30,0,1
315470,0,1,1,300,1000,4,30,1.3,15,6,27,30,30,0,1
315470,0,1,1,300,1000,4,30,1.3,15,7,27,30,30,0,1
315470,0,1,1,300,1000,4,30,1.3,15,8,27,30,30,0,1
315470,0,1,1,300,1000,4,30,1.3,15,9,27,30,30,0,1
316470,0,1,1,300,1000,4,30,1.3,15,10,27,30,30,0,1
316470,0,1,1,300,1000,4,30,1.3,15,11,27,30,30,0,1
316470,0,1,1,300,1000,4,30,1.3,15,12,27,30,30,0,1
316470,0,1,1,300,1000,4,30,1.3,15,13,27,30,30,0,1
316470,0,1,1,300,1000,4,30,1.3,15,14,27,30,30,0,1
316470,0,1,1,300,1000,4,30,1.3,15,15,27,30,30,0,1
318480,0,1,1,300,1000,4,30,1.3,15,15,28,30,30,0,1
320490,0,1,1,300,1000,4,30,1.3,15,15,29,30,30,0,1
321490,0,1,1,300,1000,4,30,1.3,15,15,30,30,30,0,1
322490,0,1,1,300,1000,4,30,1.3,15,14,32,30,30,0,1
322490,0,1,1,300,1000,4,30,1.3,15,15,32,30,30,0,1
324500,0,1,1,300,1000,4,30,1.3,15,15,33,30,30,0,1
326520,0,1,1,300,1000,4,30,1.3,15,15,34,30,30,0,1
329530,0,1,1,300,1000,4,30,1.3,15,15,35,30,30,0,1
331540,0,1,1,300,1000,4,30,1.3,15,15,36,30,30,0,1
333550,0,1,1,300,1000,4,30,1.3,15,15,37,30,30,0,1
335570,0,1,1,300,1000,4,30,1.3,15,15,38,30,30,0,1
338580,0,1,1,300,1000,4,30,1.3,15,15,39,30,30,0,1
340590,0,1,1,300,1000,4,30,1.3,15,15,40,30,30,0,1
341600,0,1,1,300,1000,4,30,1.3,15,15,41,30,30,0,1
343620,0,1,1,300,1000,4,30,1.3,15,15,42,30,30,0,1
369730,0,1,1,300,1000,5,30,1.3,15,0,57,30,30,0,1
369730,0,1,1,300,1000,5,30,1.3,22,0,57,30,30,0,1
369730,0,1,1,300,1000,5,83,1.3,22,0,57,30,30,0,1
379740,0,1,1,300,1000,5,83,1.3,22,1,57,30,30,0,1
379740,0,1,1,300,1000,5,83,1.3,22,2,57,30,30,0,1
379740,0,1,1,300,1000,5,83,1.3,22,3,57,30,30,0,1
379740,0,1,1,300,1000,5,83,1.3,22,4,57,30,30,0,1
379740,0,1,1,300,1000,5,83,1.3,22,5,57,30,30,0,1
379740,0,1,1,300,1000,5,83,1.3,22,6,57,30,30,0,1
379740,0,1,1,300,1000,5,83,1.3,22,7,57,30,30,0,1
379740,0,1,1,300,1000,5,83,1.3,22,8,57,30,30,0,1
379740,0,1,1,300,1000,5,83,1.3,22,9,57,30,30,0,1
379740,0,1,1,300,1000,5,83,1.3,22,10,57,30,30,0,1
379740,0,1,1,300,1000,5,83,1.3,22,11,57,30,30,0,1
379740,0,1,1,300,1000,5,83,1.3,22,12,57,30,30,0,1
379740,0,1,1,300,1000,5,83,1.3,22,13,57,30,30,0,1
379740,0,1,1,300,1000,5,83,1.3,22,14,57,30,30,0,1
379740,0,1,1,300,1000,5,83,1.3,22,15,57,30,30,0,1
379740,0,1,1,300,1000,5,83,1.3,22,16,57,30,30,0,1
379740,0,1,1,300,1000,5,83,1.3,22,17,57,30,30,0,1
379740,0,1,1,300,1000,5,83,1.3,22,18,57,30,30,0,1
379740,0,1,1,300,1000,5,83,1.3,22,19,57,30,30,0,1
379740,0,1,1,300,1000,5,83,1.3,22,20,57,30,30,0,1
379740,0,1,1,300,1000,5,83,1.3,22,21,57,30,30,0,1
379740,0,1,1,300,1000,5,83,1.3,22,22,57,30,30,0,1
383760,0,1,1,300,1000,5,83,1.3,22,21,59,30,30,0,1
383760,0,1,1,300,1000,5,83,1.3,22,22,59,30,30,0,1
386780,0,1,1,300,1000,5,83,1.3,22,22,60,30,30,0,1
387790,0,1,1,300,1000,5,83,1.3,22,22,61,30,30,0,1
389790,0,1,1,300,1000,5,83,1.3,22,22,62,30,30,0,1
390800,0,1,1,300,1000,5,83,1.3,22,21,64,30,30,0,1
390800,0,1,1,300,1000,5,83,1.3,22,22,64,30,30,0,1
392800,0,1,1,300,1000,5,83,1.3,22,22,65,30,30,0,1
393830,0,1,1,300,1000,5,83,1.3,22,22,66,30,30,0,1
395820,0,1,1,300,1000,5,83,1.3,22,22,67,30,30,0,1
396820,0,1,1,300,1000,5,83,1.3,22,22,68,30,30,0,1
398830,0,1,1,300,1000,5,83,1.3,22,22,69,30,30,0,1
400840,0,1,1,300,1000,5,83,1.3,22,21,71,30,30,0,1
400840,0,1,1,300,1000,5,83,1.3,22,22,71,30,30,0,1
402850,0,1,1,300,1000,5,83,1.3,22,22,72,30,30,0,1
405870,0,1,1,300,1000,5,83,1.3,22,21,74,30,30,0,1
405870,0,1,1,300,1000,5,83,1.3,22,22,74,30,30,0,1
407890,0,1,1,300,1000,5,83,1.3,22,22,75,30,30,0,1
408880,0,1,1,300,1000,5,83,1.3,22,21,77,30,30,0,1
408880,0,1,1,300,1000,5,83,1.3,22,22,77,30,30,0,1
410890,0,1,1,300,1000,5,83,1.3,22,22,78,30,30,0,1
414920,0,1,1,300,1000,5,83,1.3,22,21,80,30,30,0,1
414920,0,1,1,300,1000,5,83,1.3,22,22,80,30,30,0,1
418940,0,1,1,300,1000,5,83,1.3,22,22,81,30,30,0,1
421950,0,1,1,300,1000,5,83,1.3,22,22,82,30,30,0,1
428980,0,1,1,300,1000,5,83,1.3,22,22,83,30,30,0,1
430990,0,1,1,300,1000,5,83,1.3,22,22,84,30,30,0,1
433000,0,1,1,300,1000,5,83,1.3,22,22,85,30,30,0,1
436020,0,1,1,300,1000,5,83,1.3,22,22,86,30,30,0,1
438030,0,1,1,300,1000,5,83,1.3,22,22,87,30,30,0,1
439030,0,1,1,300,1000,5,83,1.3,22,22,88,30,30,0,1
441040,0,1,1,300,1000,5,83,1.3,22,22,89,30,30,0,1
443050,0,1,1,300,1000,5,83,1.3,22,22,90,30,30,0,1
444060,0,1,1,300,1000,5,83,1.3,22,22,91,30,30,0,1
446070,0,1,1,300,1000,5,83,1.3,22,21,93,30,30,0,1
446070,0,1,1,300,1000,5,83,1.3,22,22,93,30,30,0,1
447070,0,1,1,300,1000,5,83,1.3,22,22,94,30,30,0,1
448070,0,1,1,300,1000,5,83,1.3,22,22,95,30,30,0,1
450090,0,1,1,300,1000,5,83,1.3,22,20,98,30,30,0,1
450090,0,1,1,300,1000,5,83,1.3,22,21,98,30,30,0,1
450090,0,1,1,300,1000,5,83,1.3,22,22,98,30,30,0,1
452100,0,1,1,300,1000,5,83,1.3,22,19,102,30,30,0,1
452100,0,1,1,300,1000,5,83,1.3,22,20,102,30,30,0,1
452100,0,1,1,300,1000,5,83,1.3,22,21,102,30,30,0,1
452100,0,1,1,300,1000,5,83,1.3,22,22,102,30,30,0,1
453110,0,1,1,300,1000,5,83,1.3,22,22,103,30,30,0,1
971431,0,1,1,300,1000,1,5,1.3,5,0,0,30,30,0,0
971431,0,1,1,300,1000,1,5,1.3,5,0,0,30,30,0,0
971431,0,1,1,300,1000,1,5,1.3,5,0,0,30,30,0,0
971431,0,1,1,300,1000,1,5,1.3,5,0,0,30,30,0,0
971431,0,1,1,300,1000,1,5,1.3,5,0,0,30,30,0,0
971431,0,1,1,300,1000,1,5,1.3,5,0,0,30,30,0,0
976411,0,1,1,300,1000,1,5,1.3,5,1,0,30,30,0,2
976411,0,1,1,300,1000,1,5,1.3,5,1,0,30,30,0,2
976411,0,1,1,300,1000,1,5,1.3,5,1,0,30,30,0,2
976411,0,1,1,300,1000,1,5,1.3,5,1,0,30,30,0,2
976411,0,1,1,300,1000,1,5,1.3,5,1,0,30,30,1,2
977421,0,1,1,300,1000,1,5,1.3,5,2,0,30,30,1,2
978431,0,1,1,300,1000,1,5,1.3,5,3,0,30,30,1,2
979431,0,1,1,300,1000,1,5,1.3,5,4,0,30,30,1,2
980431,0,1,1,300,1000,1,5,1.3,5,5,0,30,30,1,2
983441,0,1,1,300,1000,1,5,1.3,5,4,1,30,30,1,2
997521,0,1,1,300,1000,2,5,1.3,5,0,5,30,30,1,2
997521,0,1,1,300,1000,2,5,1.3,7,0,5,30,30,1,2
997521,0,1,1,300,1000,2,8,1.3,7,0,5,30,30,1,2
1007531,0,1,1,300,1000,2,8,1.3,7,1,5,30,30,1,2
1007531,0,1,1,300,1000,2,8,1.3,7,2,5,30,30,1,2
1008531,0,1,1,300,1000,2,8,1.3,7,3,5,30,30,1,2
1008531,0,1,1,300,1000,2,8,1.3,7,4,5,30,30,1,2
1009531,0,1,1,300,1000,2,8,1.3,7,5,5,30,30,1,2
1009531,0,1,1,300,1000,2,8,1.3,7,6,5,30,30,1,2
1010541,0,1,1,300,1000,2,8,1.3,7,5,7,30,30,1,2
1010541,0,1,1,300,1000,2,8,1.3,7,6,7,30,30,1,2
1027631,0,1,1,300,1000,3,8,1.3,7,0,13,30,30,1,2
1027631,0,1,1,300,1000,3,8,1.3,10,0,13,30,30,1,2
1027631,0,1,1,300,1000,3,14,1.3,10,0,13,30,30,1,2
1037631,0,1,1,300,1000,3,14,1.3,10,1,13,30,30,1,2
1037631,0,1,1,300,1000,3,14,1.3,10,2,13,30,30,1,2
1037631,0,1,1,300,1000,3,14,1.3,10,3,13,30,30,1,2
1037631,0,1,1,300,1000,3,14,1.3,10,4,13,30,30,1,2
1037631,0,1,1,300,1000,3,14,1.3,10,4,13,30,30,0,2
1037631,0.06009585,0.7311294,1,300,1000,3,14,1.3,10,4,13,30,30,0,2
1037631,0.06009585,0.7311294,1,300,1000,3,14,1.3,10,4,13,38.79808,30,0,2
1038631,0.06009585,0.7311294,1,300,1000,3,14,1.3,10,5,13,38.79808,30,0,2
1038631,0.06009585,0.7311294,1,300,1000,3,14,1.3,10,6,13,38.79808,30,0,2
1038631,0.06009585,0.7311294,1,300,1000,3,14,1.3,10,7,13,38.79808,30,0,2
1038631,0.06009585,0.7311294,1,300,1000,3,14,1.3,10,8,13,38.79808,30,0,2
1038631,0.03942284,0.7032208,1,300,1000,3,14,1.3,10,8,13,38.79808,30,0,2
1038631,0.03942284,0.7032208,1,300,1000,3,14,1.3,10,8,13,39.21154,30,0,2
1039641,0.03942284,0.7032208,1,300,1000,3,14,1.3,10,9,13,39.21154,30,0,2
1039641,0.03942284,0.7032208,1,300,1000,3,14,1.3,10,10,13,39.21154,30,0,2
1039641,0.05048038,0.7181485,1,300,1000,3,14,1.3,10,10,13,39.21154,30,0,2
1039641,0.05048038,0.7181485,1,300,1000,3,14,1.3,10,10,13,38.99039,30,0,2
1040651,0.05048038,0.7181485,1,300,1000,3,14,1.3,10,9,15,38.99039,30,0,2
1040651,0.05048038,0.7181485,1,300,1000,3,14,1.3,10,10,15,38.99039,30,0,2
1040651,0.06874981,0.7428122,1,300,1000,3,14,1.3,10,10,15,38.99039,30,0,2
1040651,0.06874981,0.7428122,1,300,1000,3,14,1.3,10,10,15,38.625,30,0,2
1041651,0.06874981,0.7428122,1,300,1000,3,14,1.3,10,10,16,38.625,30,0,2
1041651,0.07932624,0.7570904,1,300,1000,3,14,1.3,10,10,16,38.625,30,0,2
1041651,0.07932624,0.7570904,1,300,1000,3,14,1.3,10,10,16,38.41348,30,0,2
1042651,0.09230655,0.7746138,1,300,1000,3,14,1.3,10,10,16,38.41348,30,0,2
1042651,0.09230655,0.7746138,1,300,1000,3,14,1.3,10,10,16,38.15387,30,0,2
1043661,0.09230655,0.7746138,1,300,1000,3,14,1.3,10,9,18,38.15387,30,0,2
1043661,0.09326807,0.7759119,1,300,1000,3,14,1.3,10,9,18,38.15387,30,0,2
1043661,0.09326807,0.7759119,1,300,1000,3,14,1.3,10,9,18,38.13464,30,0,2
1044681,0.09134516,0.773316,1,300,1000,3,14,1.3,10,8,19,38.13464,30,0,2
1044681,0.09134516,0.773316,1,300,1000,3,14,1.3,10,8,19,38.1731,30,0,2
1045681,0.0831726,0.762283,1,300,1000,3,14,1.3,10,8,19,38.1731,30,0,2
1045681,0.0831726,0.762283,1,300,1000,3,14,1.3,10,8,19,38.33655,30,0,2
1046691,0.05769199,0.7278842,1,300,1000,3,14,1.3,10,8,19,38.33655,30,0,2
1046691,0.05769199,0.7278842,1,300,1000,3,14,1.3,10,8,19,38.84616,30,0,2
1047701,0.02403812,0.6824514,1,300,1000,3,14,1.3,10,8,19,38.84616,30,0,2
1047701,0.02403812,0.6824514,1,300,1000,3,14,1.3,10,8,19,39.51924,30,0,2
1048691,0.01923011,0.6759606,1,300,1000,3,14,1.3,10,8,19,39.51924,30,0,2
1048691,0.01923011,0.6759606,1,300,1000,3,14,1.3,10,8,19,39.6154,30,0,2
1049681,0.006730497,0.6590862,1,300,1000,3,14,1.3,10,6,21,39.6154,30,0,2
1049681,0.006730497,0.6590862,1,300,1000,3,14,1.3,10,6,21,39.86539,30,0,2
1050701,0.02163425,0.6792062,1,300,1000,3,14,1.3,10,6,21,39.86539,30,0,2
1050701,0.02163425,0.6792062,1,300,1000,3,14,1.3,10,6,21,39.56731,30,0,2
1051691,0.02211494,0.6798552,1,300,1000,3,14,1.3,10,6,21,39.56731,30,0,2
1051691,0.02211494,0.6798552,1,300,1000,3,14,1.3,10,6,21,39.5577,30,0,2
1052711,0,0.65,1,300,1000,3,14,1.3,10,6,21,39.5577,30,0,2
1052711,0,0.65,1,300,1000,3,14,1.3,10,6,21,40,30,0,2
1053701,0,0.65,1,300,1000,3,14,1.3,10,6,21,40,30,0,2
1053701,0,0.65,1,300,1000,3,14,1.3,10,6,21,40,30,0,2
1054711,0,0.65,1,300,1000,3,14,1.3,10,5,22,40,30,0,2
1054711,0,0.65,1,300,1000,3,14,1.3,10,5,22,40,30,0,2
1055711,0,0.65,1,300,1000,3,14,1.3,10,5,22,40,30,0,2
1055711,0,0.65,1,300,1000,3,14,1.3,10,5,22,40,30,0,2
1056731,0,0.65,1,300,1000,3,14,1.3,10,4,23,40,30,0,2
1056731,0,0.65,1,300,1000,3,14,1.3,10,4,23,40,30,0,2
1057741,0,0.65,1,300,1000,3,14,1.3,10,4,23,40,30,0,2
1057741,0,0.65,1,300,1000,3,14,1.3,10,4,23,40,30,0,2
1058731,0,0.65,1,300,1000,3,14,1.3,10,4,23,40,30,0,2
1058741,0,0.65,1,300,1000,3,14,1.3,10,4,23,40,30,0,2
1059741,0,0.65,1,300,1000,3,14,1.3,10,3,24,40,30,0,2
1059741,0,0.65,1,300,1000,3,14,1.3,10,3,24,40,30,0,2
1060751,0,0.65,1,300,1000,3,14,1.3,10,3,24,40,30,0,2
1060751,0,0.65,1,300,1000,3,14,1.3,10,3,24,40,30,0,2
1061751,0,0.65,1,300,1000,3,14,1.3,10,3,24,40,30,0,2
1061751,0,0.65,1,300,1000,3,14,1.3,10,3,24,40,30,0,2
1062761,0,0.65,1,300,1000,3,14,1.3,10,3,24,40,30,0,2
1062761,0,0.65,1,300,1000,3,14,1.3,10,3,24,40,30,0,2
1063761,0,0.65,1,300,1000,3,14,1.3,10,2,25,40,30,0,2
1063761,0,0.65,1,300,1000,3,14,1.3,10,2,25,40,30,0,2
1064761,0,0.65,1,300,1000,3,14,1.3,10,1,26,40,30,0,2
1064761,0,0.65,1,300,1000,3,14,1.3,10,1,26,40,30,0,2
1065781,0,0.65,1,300,1000,3,14,1.3,10,1,26,40,30,0,2
1065781,0,0.65,1,300,1000,3,14,1.3,10,1,26,40,30,0,2
1066781,0,0.65,1,300,1000,3,14,1.3,10,1,26,40,30,0,2
1066781,0,0.65,1,300,1000,3,14,1.3,10,1,26,40,30,0,2
1067791,0,0.65,1,300,1000,4,14,1.3,10,0,27,40,30,0,2
1067791,0,0.65,1,300,1000,4,14,1.3,15,0,27,40,30,0,2
1067791,0,0.65,1,300,1000,4,30,1.3,15,0,27,40,30,0,2
1067791,0,0.65,1,300,1000,4,30,1.3,15,0,27,40,30,0,2
1067791,0,0.65,1,300,1000,4,30,1.3,15,0,27,40,30,0,2
1077781,0,0.65,1,300,1000,4,30,1.3,15,1,27,40,30,0,2
1077781,0,0.65,1,300,1000,4,30,1.3,15,2,27,40,30,0,2
1077781,0,0.65,1,300,1000,4,30,1.3,15,3,27,40,30,0,2
1077781,0,0.65,1,300,1000,4,30,1.3,15,4,27,40,30,0,2
1077781,0,0.65,1,300,1000,4,30,1.3,15,5,27,40,30,0,2
1077781,0,0.65,1,300,1000,4,30,1.3,15,6,27,40,30,0,2
1077781,0,0.65,1,300,1000,4,30,1.3,15,7,27,40,30,0,2
1077781,0,0.65,1,300,1000,4,30,1.3,15,8,27,40,30,0,2
1077781,0,0.65,1,300,1000,4,30,1.3,15,9,27,40,30,0,2
1077781,0,0.65,1,300,1000,4,30,1.3,15,9,27,40,30,0,2
1077781,0,0.65,1,300,1000,4,30,1.3,15,9,27,40,30,0,2
1078781,0,0.65,1,300,1000,4,30,1.3,15,10,27,40,30,0,2
1078781,0,0.65,1,300,1000,4,30,1.3,15,11,27,40,30,0,2
1078781,0,0.65,1,300,1000,4,30,1.3,15,12,27,40,30,0,2
1078781,0,0.65,1,300,1000,4,30,1.3,15,13,27,40,30,0,2
1078781,0,0.65,1,300,1000,4,30,1.3,15,14,27,40,30,0,2
1078781,0,0.65,1,300,1000,4,30,1.3,15,15,27,40,30,0,2
1078781,0,0.65,1,300,1000,4,30,1.3,15,15,27,40,30,0,2
1078781,0,0.65,1,300,1000,4,30,1.3,15,15,27,40,30,0,2
1079791,0.04711486,0.713605,1,300,1000,4,30,1.3,15,15,27,40,30,0,2
1079791,0.04711486,0.713605,1,300,1000,4,30,1.3,15,15,27,39.0577,30,0,2
1080791,0.04711486,0.713605,1,300,1000,4,30,1.3,15,15,28,39.0577,30,0,2
1080791,0.1086532,0.7966818,1,300,1000,4,30,1.3,15,15,28,39.0577,30,0,2
1080791,0.1086532,0.7966818,1,300,1000,4,30,1.3,15,15,28,37.82693,30,0,2
1081801,0.1245188,0.8181003,1,300,1000,4,30,1.3,15,15,28,37.82693,30,0,2
1081801,0.1245188,0.8181003,1,300,1000,4,30,1.3,15,15,28,37.50962,30,0,2
1082811,0.1245188,0.8181003,1,300,1000,4,30,1.3,15,15,29,37.50962,30,0,2
1082811,0.1331726,0.829783,1,300,1000,4,30,1.3,15,15,29,37.50962,30,0,2
1082811,0.1331726,0.829783,1,300,1000,4,30,1.3,15,15,29,37.33655,30,0,2
1083811,0.1072109,0.7947347,1,300,1000,4,30,1.3,15,15,29,37.33655,30,0,2
1083811,0.1072109,0.7947347,1,300,1000,4,30,1.3,15,15,29,37.85578,30,0,2
1084811,0.1072109,0.7947347,1,300,1000,4,30,1.3,15,15,30,37.85578,30,0,2
1084811,0.08653743,0.7668255,1,300,1000,4,30,1.3,15,15,30,37.85578,30,0,2
1084811,0.08653743,0.7668255,1,300,1000,4,30,1.3,15,15,30,38.26925,30,0,2
1085821,0.09711414,0.7811041,1,300,1000,4,30,1.3,15,15,30,38.26925,30,0,2
1085821,0.09711414,0.7811041,1,300,1000,4,30,1.3,15,15,30,38.05772,30,0,2
1086831,0.09711414,0.7811041,1,300,1000,4,30,1.3,15,14,32,38.05772,30,0,2
1086831,0.09711414,0.7811041,1,300,1000,4,30,1.3,15,15,32,38.05772,30,0,2
1086831,0.08701826,0.7674747,1,300,1000,4,30,1.3,15,15,32,38.05772,30,0,2
1086831,0.08701826,0.7674747,1,300,1000,4,30,1.3,15,15,32,38.25964,30,0,2
1087831,0.05865323,0.7291818,1,300,1000,4,30,1.3,15,15,32,38.25964,30,0,2
1087831,0.05865323,0.7291818,1,300,1000,4,30,1.3,15,15,32,38.82693,30,0,2
1088831,0.01634569,0.6720666,1,300,1000,4,30,1.3,15,15,32,38.82693,30,0,2
1088831,0.01634569,0.6720666,1,300,1000,4,30,1.3,15,15,32,39.67309,30,0,2
1089851,0.01634569,0.6720666,1,300,1000,4,30,1.3,15,15,33,39.67309,30,0,2
1089851,0.03365332,0.6954319,1,300,1000,4,30,1.3,15,15,33,39.67309,30,0,2
1089851,0.03365332,0.6954319,1,300,1000,4,30,1.3,15,15,33,39.32693,30,0,2
1090841,0.06201862,0.7337251,1,300,1000,4,30,1.3,15,15,33,39.32693,30,0,2
1090841,0.06201862,0.7337251,1,300,1000,4,30,1.3,15,15,33,38.75963,30,0,2
1091851,0.06201862,0.7337251,1,300,1000,4,30,1.3,15,15,34,38.75963,30,0,2
1091851,0.1028839,0.7888933,1,300,1000,4,30,1.3,15,15,34,38.75963,30,0,2
1091851,0.1028839,0.7888933,1,300,1000,4,30,1.3,15,15,34,37.94232,30,0,2
1092861,0.1028839,0.7888933,1,300,1000,4,30,1.3,15,15,35,37.94232,30,0,2
1092861,0.1124991,0.8018738,1,300,1000,4,30,1.3,15,15,35,37.94232,30,0,2
1092861,0.1124991,0.8018738,1,300,1000,4,30,1.3,15,15,35,37.75002,30,0,2
1093861,0.1124991,0.8018738,1,300,1000,4,30,1.3,15,15,36,37.75002,30,0,2
1093861,0.10673,0.7940855,1,300,1000,4,30,1.3,15,15,36,37.75002,30,0,2
1093861,0.10673,0.7940855,1,300,1000,4,30,1.3,15,15,36,37.8654,30,0,2
1094861,0.10673,0.7940855,1,300,1000,4,30,1.3,15,15,37,37.8654,30,0,2
1094861,0.0961529,0.7798064,1,300,1000,4,30,1.3,15,15,37,37.8654,30,0,2
1094861,0.0961529,0.7798064,1,300,1000,4,30,1.3,15,15,37,38.07694,30,0,2
1095881,0.09567221,0.7791575,1,300,1000,4,30,1.3,15,15,37,38.07694,30,0,2
1095881,0.09567221,0.7791575,1,300,1000,4,30,1.3,15,15,37,38.08656,30,0,2
1096881,0.09567221,0.7791575,1,300,1000,4,30,1.3,15,15,38,38.08656,30,0,2
1096881,0.08461495,0.7642301,1,300,1000,4,30,1.3,15,15,38,38.08656,30,0,2
1096881,0.08461495,0.7642301,1,300,1000,4,30,1.3,15,15,38,38.3077,30,0,2
1097881,0.0735574,0.7493024,1,300,1000,4,30,1.3,15,15,38,38.3077,30,0,2
1097881,0.0735574,0.7493024,1,300,1000,4,30,1.3,15,15,38,38.52885,30,0,2
1098891,0.0735574,0.7493024,1,300,1000,4,30,1.3,15,15,39,38.52885,30,0,2
1098891,0.07980748,0.7577401,1,300,1000,4,30,1.3,15,15,39,38.52885,30,0,2
1098891,0.07980748,0.7577401,1,300,1000,4,30,1.3,15,15,39,38.40385,30,0,2
1099891,0.07980748,0.7577401,1,300,1000,4,30,1.3,15,15,40,38.40385,30,0,2
1099891,0.1110573,0.7999274,1,300,1000,4,30,1.3,15,15,40,38.40385,30,0,2
1099891,0.1110573,0.7999274,1,300,1000,4,30,1.3,15,15,40,37.77885,30,0,2
1100901,0.1110573,0.7999274,1,300,1000,4,30,1.3,15,15,41,37.77885,30,0,2
1100901,0.1173072,0.8083646,1,300,1000,4,30,1.3,15,15,41,37.77885,30,0,2
1100901,0.1173072,0.8083646,1,300,1000,4,30,1.3,15,15,41,37.65386,30,0,2
1101901,0.1144225,0.8044703,1,300,1000,4,30,1.3,15,15,41,37.65386,30,0,2
1101901,0.1144225,0.8044703,1,300,1000,4,30,1.3,15,15,41,37.71155,30,0,2
1102911,0.1144225,0.8044703,1,300,1000,4,30,1.3,15,15,42,37.71155,30,0,2
1102911,0.08365314,0.7629317,1,300,1000,4,30,1.3,15,15,42,37.71155,30,0,2
1102911,0.08365314,0.7629317,1,300,1000,4,30,1.3,15,15,42,38.32694,30,0,2
1103931,0.02596075,0.685047,1,300,1000,4,30,1.3,15,15,42,38.32694,30,0,2
1103931,0.02596075,0.685047,1,300,1000,4,30,1.3,15,15,42,39.48079,30,0,2
1104931,0,0.65,1,300,1000,4,30,1.3,15,15,42,39.48079,30,0,2
1104931,0,0.65,1,300,1000,4,30,1.3,15,15,42,40,30,0,2
1105931,0,0.65,1,300,1000,4,30,1.3,15,14,43,40,30,0,2
1105931,0,0.65,1,300,1000,4,30,1.3,15,14,43,40,30,0,2
1106931,0,0.65,1,300,1000,4,30,1.3,15,14,43,40,30,0,2
1106931,0,0.65,1,300,1000,4,30,1.3,15,14,43,40,30,0,2
1107941,0,0.65,1,300,1000,4,30,1.3,15,14,43,40,30,0,2
1107941,0,0.65,1,300,1000,4,30,1.3,15,14,43,40,30,0,2
1108931,0,0.65,1,300,1000,4,30,1.3,15,12,45,40,30,0,2
1108931,0,0.65,1,300,1000,4,30,1.3,15,12,45,40,30,0,2
1109951,0,0.65,1,300,1000,4,30,1.3,15,12,45,40,30,0,2
1109951,0,0.65,1,300,1000,4,30,1.3,15,12,45,40,30,0,2
1110951,0.007210219,0.6597338,1,300,1000,4,30,1.3,15,10,47,40,30,0,2
1110951,0.007210219,0.6597338,1,300,1000,4,30,1.3,15,10,47,39.8558,30,0,2
1111951,0.01297975,0.6675226,1,300,1000,4,30,1.3,15,9,48,39.8558,30,0,2
1111951,0.01297975,0.6675226,1,300,1000,4,30,1.3,15,9,48,39.74041,30,0,2
1112951,0.01730679,0.6733642,1,300,1000,4,30,1.3,15,9,48,39.74041,30,0,2
1112951,0.01730679,0.6733642,1,300,1000,4,30,1.3,15,9,48,39.65387,30,0,2
1113981,0.05288412,0.7213935,1,300,1000,4,30,1.3,15,9,48,39.65387,30,0,2
1113981,0.05288412,0.7213935,1,300,1000,4,30,1.3,15,9,48,38.94232,30,0,2
1114981,0.07163408,0.746706,1,300,1000,4,30,1.3,15,9,48,38.94232,30,0,2
1114981,0.07163408,0.746706,1,300,1000,4,30,1.3,15,9,48,38.56732,30,0,2
1115981,0.04038409,0.7045185,1,300,1000,4,30,1.3,15,9,48,38.56732,30,0,2
1115981,0.04038409,0.7045185,1,300,1000,4,30,1.3,15,9,48,39.19232,30,0,2
1116981,0,0.65,1,300,1000,4,30,1.3,15,9,48,39.19232,30,0,2
1116981,0,0.65,1,300,1000,4,30,1.3,15,9,48,40,30,0,2
1117981,0,0.65,1,300,1000,4,30,1.3,15,9,48,40,30,0,2
1117981,0,0.65,1,300,1000,4,30,1.3,15,9,48,40,30,0,2
1118981,0,0.65,1,300,1000,4,30,1.3,15,9,48,40,30,0,2
1118981,0,0.65,1,300,1000,4,30,1.3,15,9,48,40,30,0,2
1119991,0,0.65,1,300,1000,4,30,1.3,15,9,48,40,30,0,2
1119991,0,0.65,1,300,1000,4,30,1.3,15,9,48,40,30,0,2
1127401,0,1,1,300,1000,1,5,1.3,5,0,0,30,30,0,0
1127401,0,1,1,300,1000,1,5,1.3,5,0,0,30,30,0,0
1127401,0,1,1,300,1000,1,5,1.3,5,0,0,30,30,0,0
1127401,0,1,1,300,1000,1,5,1.3,5,0,0,30,30,0,0
1127401,0,1,1,300,1000,1,5,1.3,5,0,0,30,30,0,0
1127401,0,1,1,300,1000,1,5,1.3,5,0,0,30,30,0,0
1132381,0,1,1,300,1000,1,5,1.3,5,1,0,30,30,0,2
1132381,0,1,1,300,1000,1,5,1.3,5,1,0,30,30,0,2
1132381,0,1,1,300,1000,1,5,1.3,5,1,0,30,30,0,2
1132381,0,1,1,300,1000,1,5,1.3,5,1,0,30,30,0,2
1132381,0,1,1,300,1000,1,5,1.3,5,1,0,30,30,1,2
1133391,0,1,1,300,1000,1,5,1.3,5,2,0,30,30,1,2
1134401,0,1,1,300,1000,1,5,1.3,5,3,0,30,30,1,2
1135401,0,1,1,300,1000,1,5,1.3,5,4,0,30,30,1,2
1136401,0,1,1,300,1000,1,5,1.3,5,5,0,30,30,1,2
1139431,0,1,1,300,1000,1,5,1.3,5,4,1,30,30,1,2
1149471,0,1,1,300,1000,2,5,1.3,5,0,5,30,30,1,2
1149471,0,1,1,300,1000,2,5,1.3,7,0,5,30,30,1,2
1149471,0,1,1,300,1000,2,8,1.3,7,0,5,30,30,1,2
1159471,0,1,1,300,1000,2,8,1.3,7,1,5,30,30,1,2
1159471,0,1,1,300,1000,2,8,1.3,7,2,5,30,30,1,2
1160481,0,1,1,300,1000,2,8,1.3,7,3,5,30,30,1,2
1160481,0,1,1,300,1000,2,8,1.3,7,4,5,30,30,1,2
1161481,0,1,1,300,1000,2,8,1.3,7,5,5,30,30,1,2
1161481,0,1,1,300,1000,2,8,1.3,7,6,5,30,30,1,2
1162491,0,1,1,300,1000,2,8,1.3,7,7,5,30,30,1,2
1164501,0,1,1,300,1000,2,8,1.3,7,7,6,30,30,1,2
1183601,0,1,1,300,1000,3,8,1.3,7,0,13,30,30,1,2
1183601,0,1,1,300,1000,3,8,1.3,10,0,13,30,30,1,2
1183601,0,1,1,300,1000,3,14,1.3,10,0,13,30,30,1,2
1193601,0,1,1,300,1000,3,14,1.3,10,1,13,30,30,1,2
1193601,0,1,1,300,1000,3,14,1.3,10,2,13,30,30,1,2
1193601,0,1,1,300,1000,3,14,1.3,10,3,13,30,30,1,2
1193601,0,1,1,300,1000,3,14,1.3,10,4,13,30,30,1,2
1193601,0,1,1,300,1000,3,14,1.3,10,4,13,30,30,0,2
1193601,0.1205403,0.8127294,1,300,1000,3,14,1.3,10,4,13,30,30,0,2
1193601,0.1205403,0.8127294,1,300,1000,3,14,1.3,10,4,13,37.5892,30,0,2
1194601,0.1205403,0.8127294,1,300,1000,3,14,1.3,10,5,13,37.5892,30,0,2
1194601,0.1205403,0.8127294,1,300,1000,3,14,1.3,10,6,13,37.5892,30,0,2
1194601,0.1205403,0.8127294,1,300,1000,3,14,1.3,10,7,13,37.5892,30,0,2
1194601,0.1205403,0.8127294,1,300,1000,3,14,1.3,10,8,13,37.5892,30,0,2
1194601,0.1506747,0.8534108,1,300,1000,3,14,1.3,10,8,13,37.5892,30,0,2
1194601,0.1506747,0.8534108,1,300,1000,3,14,1.3,10,8,13,36.9865,30,0,2
1195611,0.1506747,0.8534108,1,300,1000,3,14,1.3,10,9,13,36.9865,30,0,2
1195611,0.1506747,0.8534108,1,300,1000,3,14,1.3,10,10,13,36.9865,30,0,2
1195611,0.1584872,0.8639578,1,300,1000,3,14,1.3,10,10,13,36.9865,30,0,2
1195611,0.1584872,0.8639578,1,300,1000,3,14,1.3,10,10,13,36.83025,30,0,2
1196611,0.1752284,0.8865584,1,300,1000,3,14,1.3,10,10,13,36.83025,30,0,2
1196611,0.1752284,0.8865584,1,300,1000,3,14,1.3,10,10,13,36.49543,30,0,2
1197631,0.1618352,0.8684775,1,300,1000,3,14,1.3,10,10,13,36.49543,30,0,2
1197631,0.1618352,0.8684775,1,300,1000,3,14,1.3,10,10,13,36.76329,30,0,2
1198631,0.1618352,0.8684775,1,300,1000,3,14,1.3,10,10,14,36.76329,30,0,2
1198631,0.1908522,0.9076504,1,300,1000,3,14,1.3,10,10,14,36.76329,30,0,2
1198631,0.1908522,0.9076504,1,300,1000,3,14,1.3,10,10,14,36.18296,30,0,2
1199631,0.1908522,0.9076504,1,300,1000,3,14,1.3,10,9,16,36.18296,30,0,2
1199631,0.1908522,0.9076504,1,300,1000,3,14,1.3,10,10,16,36.18296,30,0,2
1199631,0.1908522,0.9076504,1,300,1000,3,14,1.3,10,10,16,36.18296,30,0,2
1199631,0.1908522,0.9076504,1,300,1000,3,14,1.3,10,10,16,36.18296,30,0,2
1200631,0.217638,0.9438112,1,300,1000,3,14,1.3,10,10,16,36.18296,30,0,2
1200631,0.217638,0.9438112,1,300,1000,3,14,1.3,10,10,16,35.64724,30,0,2
1201641,0.217638,0.9438112,1,300,1000,3,14,1.3,10,10,17,35.64724,30,0,2
1201641,0.2589332,0.9995598,1,300,1000,3,14,1.3,10,10,17,35.64724,30,0,2
1201641,0.2589332,0.9995598,1,300,1000,3,14,1.3,10,10,17,34.82133,30,0,2
1202641,0.1986653,0.9181982,1,300,1000,3,14,1.3,10,10,17,34.82133,30,0,2
1202641,0.1986653,0.9181982,1,300,1000,3,14,1.3,10,10,17,36.0267,30,0,2
1203651,0.2098258,0.9332648,1,300,1000,3,14,1.3,10,10,17,36.0267,30,0,2
1203651,0.2098258,0.9332648,1,300,1000,3,14,1.3,10,10,17,35.80349,30,0,2
1204651,0.1439772,0.8443692,1,300,1000,3,14,1.3,10,10,17,35.80349,30,0,2
1204651,0.1439772,0.8443692,1,300,1000,3,14,1.3,10,10,17,37.12046,30,0,2
1205661,0.1406282,0.839848,1,300,1000,3,14,1.3,10,9,18,37.12046,30,0,2
1205661,0.1406282,0.839848,1,300,1000,3,14,1.3,10,9,18,37.18744,30,0,2
1206661,0.1897353,0.9061427,1,300,1000,3,14,1.3,10,9,18,37.18744,30,0,2
1206661,0.1897353,0.9061427,1,300,1000,3,14,1.3,10,9,18,36.2053,30,0,2
1207671,0.2533518,0.992025,1,300,1000,3,14,1.3,10,9,18,36.2053,30,0,2
1207671,0.2533518,0.992025,1,300,1000,3,14,1.3,10,9,18,34.93296,30,0,2
1208681,0.3750032,1.156254,1,300,1000,3,14,1.3,10,9,18,34.93296,30,0,2
1208681,0.3750032,1.156254,1,300,1000,3,14,1.3,10,9,18,32.49994,30,0,2
1209681,0.40179,1.192416,1,300,1000,3,14,1.3,10,9,18,32.49994,30,0,2
1209681,0.40179,1.192416,1,300,1000,3,14,1.3,10,9,18,31.9642,30,0,2
1210681,0.3314775,1.097495,1,300,1000,3,14,1.3,10,9,18,31.9642,30,0,2
1210681,0.3314775,1.097495,1,300,1000,3,14,1.3,10,9,18,33.37045,30,0,2
1211691,0.2232193,0.9513461,1,300,1000,3,14,1.3,10,9,18,33.37045,30,0,2
1211691,0.2232193,0.9513461,1,300,1000,3,14,1.3,10,9,18,35.53561,30,0,2
1212691,0.1584866,0.8639569,1,300,1000,3,14,1.3,10,9,18,35.53561,30,0,2
1212691,0.1584866,0.8639569,1,300,1000,3,14,1.3,10,9,18,36.83027,30,0,2
1213701,0.1763431,0.8880631,1,300,1000,3,14,1.3,10,8,19,36.83027,30,0,2
1213701,0.1763431,0.8880631,1,300,1000,3,14,1.3,10,8,19,36.47314,30,0,2
1214711,0.1796904,0.892582,1,300,1000,3,14,1.3,10,7,20,36.47314,30,0,2
1214711,0.1796904,0.892582,1,300,1000,3,14,1.3,10,7,20,36.40619,30,0,2
1215711,0.1930836,0.9106629,1,300,1000,3,14,1.3,10,7,20,36.40619,30,0,2
1215711,0.1930836,0.9106629,1,300,1000,3,14,1.3,10,7,20,36.13833,30,0,2
1216711,0.1495576,0.8519027,1,300,1000,3,14,1.3,10,6,21,36.13833,30,0,2
1216711,0.1495576,0.8519027,1,300,1000,3,14,1.3,10,6,21,37.00885,30,0,2
1217731,0.126121,0.8202634,1,300,1000,3,14,1.3,10,6,21,37.00885,30,0,2
1217731,0.126121,0.8202634,1,300,1000,3,14,1.3,10,6,21,37.47758,30,0,2
1218731,0.1529059,0.8564229,1,300,1000,3,14,1.3,10,5,22,37.47758,30,0,2
1218731,0.1529059,0.8564229,1,300,1000,3,14,1.3,10,5,22,36.94188,30,0,2
1219731,0.1696461,0.8790222,1,300,1000,3,14,1.3,10,4,23,36.94188,30,0,2
1219731,0.1696461,0.8790222,1,300,1000,3,14,1.3,10,4,23,36.60708,30,0,2
1220731,0.2221015,0.949837,1,300,1000,3,14,1.3,10,4,23,36.60708,30,0,2
1220731,0.2221015,0.949837,1,300,1000,3,14,1.3,10,4,23,35.55797,30,0,2
1221741,0.2667447,1.010105,1,300,1000,3,14,1.3,10,3,24,35.55797,30,0,2
1221741,0.2667447,1.010105,1,300,1000,3,14,1.3,10,3,24,34.6651,30,0,2
1222741,0.2912988,1.043253,1,300,1000,3,14,1.3,10,3,24,34.6651,30,0,2
1222741,0.2912988,1.043253,1,300,1000,3,14,1.3,10,3,24,34.17402,30,0,2
1223751,0.3113889,1.070375,1,300,1000,3,14,1.3,10,2,25,34.17402,30,0,2
1223751,0.3113889,1.070375,1,300,1000,3,14,1.3,10,2,25,33.77222,30,0,2
1224751,0.3180849,1.079415,1,300,1000,3,14,1.3,10,2,25,33.77222,30,0,2
1224751,0.3180849,1.079415,1,300,1000,3,14,1.3,10,2,25,33.6383,30,0,2
1225761,0.3303609,1.095987,1,300,1000,3,14,1.3,10,2,25,33.6383,30,0,2
1225761,0.3303609,1.095987,1,300,1000,3,14,1.3,10,2,25,33.39278,30,0,2
1226761,0.3125038,1.07188,1,300,1000,3,14,1.3,10,1,26,33.39278,30,0,2
1226761,0.3125038,1.07188,1,300,1000,3,14,1.3,10,1,26,33.74992,30,0,2
1227781,0.3203157,1.082426,1,300,1000,3,14,1.3,10,1,26,33.74992,30,0,2
1227781,0.3203157,1.082426,1,300,1000,3,14,1.3,10,1,26,33.59369,30,0,2
1228781,0.2734407,1.019145,1,300,1000,3,14,1.3,10,1,26,33.59369,30,0,2
1228781,0.2734407,1.019145,1,300,1000,3,14,1.3,10,1,26,34.53119,30,0,2
1229781,0.2421914,0.9769583,1,300,1000,3,14,1.3,10,1,26,34.53119,30,0,2
1229781,0.2421914,0.9769583,1,300,1000,3,14,1.3,10,1,26,35.15617,30,0,2
1230781,0.2421914,0.9769583,1,300,1000,4,14,1.3,10,0,27,35.15617,30,0,2
1230781,0.2421914,0.9769583,1,300,1000,4,14,1.3,15,0,27,35.15617,30,0,2
1230781,0.2421914,0.9769583,1,300,1000,4,30,1.3,15,0,27,35.15617,30,0,2
1230781,0.1964322,0.9151835,1,300,1000,4,30,1.3,15,0,27,35.15617,30,0,2
1230781,0.1964322,0.9151835,1,300,1000,4,30,1.3,15,0,27,36.07135,30,0,2
1240791,0.1964322,0.9151835,1,300,1000,4,30,1.3,15,1,27,36.07135,30,0,2
1240791,0.1964322,0.9151835,1,300,1000,4,30,1.3,15,2,27,36.07135,30,0,2
1240791,0.1964322,0.9151835,1,300,1000,4,30,1.3,15,3,27,36.07135,30,0,2
1240791,0.1964322,0.9151835,1,300,1000,4,30,1.3,15,4,27,36.07135,30,0,2
1240791,0.1964322,0.9151835,1,300,1000,4,30,1.3,15,5,27,36.07135,30,0,2
1240791,0.1964322,0.9151835,1,300,1000,4,30,1.3,15,6,27,36.07135,30,0,2
1240791,0.1964322,0.9151835,1,300,1000,4,30,1.3,15,7,27,36.07135,30,0,2
1240791,0.1964322,0.9151835,1,300,1000,4,30,1.3,15,8,27,36.07135,30,0,2
1240791,0.1964322,0.9151835,1,300,1000,4,30,1.3,15,9,27,36.07135,30,0,2
1240791,0.0591578,0.729863,1,300,1000,4,30,1.3,15,9,27,36.07135,30,0,2
1240791,0.0591578,0.729863,1,300,1000,4,30,1.3,15,9,27,38.81684,30,0,2
1241791,0.0591578,0.729863,1,300,1000,4,30,1.3,15,10,27,38.81684,30,0,2
1241791,0.0591578,0.729863,1,300,1000,4,30,1.3,15,11,27,38.81684,30,0,2
1241791,0.0591578,0.729863,1,300,1000,4,30,1.3,15,12,27,38.81684,30,0,2
1241791,0.0591578,0.729863,1,300,1000,4,30,1.3,15,13,27,38.81684,30,0,2
1241791,0.0591578,0.729863,1,300,1000,4,30,1.3,15,14,27,38.81684,30,0,2
1241791,0.0591578,0.729863,1,300,1000,4,30,1.3,15,15,27,38.81684,30,0,2
1241791,0.06920207,0.7434227,1,300,1000,4,30,1.3,15,15,27,38.81684,30,0,2
1241791,0.06920207,0.7434227,1,300,1000,4,30,1.3,15,15,27,38.61596,30,0,2
1242801,0.1071484,0.7946503,1,300,1000,4,30,1.3,15,15,27,38.61596,30,0,2
1242801,0.1071484,0.7946503,1,300,1000,4,30,1.3,15,15,27,37.85703,30,0,2
1243801,0.1160758,0.8067023,1,300,1000,4,30,1.3,15,15,27,37.85703,30,0,2
1243801,0.1160758,0.8067023,1,300,1000,4,30,1.3,15,15,27,37.67849,30,0,2
1244811,0.1160758,0.8067023,1,300,1000,4,30,1.3,15,15,28,37.67849,30,0,2
1244811,0.2511204,0.9890125,1,300,1000,4,30,1.3,15,15,28,37.67849,30,0,2
1244811,0.2511204,0.9890125,1,300,1000,4,30,1.3,15,15,28,34.97759,30,0,2
1245811,0.2912994,1.043254,1,300,1000,4,30,1.3,15,15,28,34.97759,30,0,2
1245811,0.2912994,1.043254,1,300,1000,4,30,1.3,15,15,28,34.17401,30,0,2
1246831,0.3024602,1.058321,1,300,1000,4,30,1.3,15,15,28,34.17401,30,0,2
1246831,0.3024602,1.058321,1,300,1000,4,30,1.3,15,15,28,33.95079,30,0,2
1247831,0.2946481,1.047775,1,300,1000,4,30,1.3,15,15,28,33.95079,30,0,2
1247831,0.2946481,1.047775,1,300,1000,4,30,1.3,15,15,28,34.10704,30,0,2
1248831,0.2767903,1.023667,1,300,1000,4,30,1.3,15,15,28,34.10704,30,0,2
1248831,0.2767903,1.023667,1,300,1000,4,30,1.3,15,15,28,34.4642,30,0,2
1249831,0.2767903,1.023667,1,300,1000,4,30,1.3,15,15,29,34.4642,30,0,2
1249831,0.2745582,1.020654,1,300,1000,4,30,1.3,15,15,29,34.4642,30,0,2
1249831,0.2745582,1.020654,1,300,1000,4,30,1.3,15,15,29,34.50883,30,0,2
1250841,0.2745582,1.020654,1,300,1000,4,30,1.3,15,15,30,34.50883,30,0,2
1250841,0.304692,1.061334,1,300,1000,4,30,1.3,15,15,30,34.50883,30,0,2
1250841,0.304692,1.061334,1,300,1000,4,30,1.3,15,15,30,33.90616,30,0,2
1251841,0.3136201,1.073387,1,300,1000,4,30,1.3,15,15,30,33.90616,30,0,2
1251841,0.3136201,1.073387,1,300,1000,4,30,1.3,15,15,30,33.7276,30,0,2
1252851,0.3136201,1.073387,1,300,1000,4,30,1.3,15,14,32,33.7276,30,0,2
1252851,0.3136201,1.073387,1,300,1000,4,30,1.3,15,15,32,33.7276,30,0,2
1252851,0.3069247,1.064348,1,300,1000,4,30,1.3,15,15,32,33.7276,30,0,2
1252851,0.3069247,1.064348,1,300,1000,4,30,1.3,15,15,32,33.8615,30,0,2
1253861,0.3069247,1.064348,1,300,1000,4,30,1.3,15,15,33,33.8615,30,0,2
1253861,0.4073713,1.199951,1,300,1000,4,30,1.3,15,15,33,33.8615,30,0,2
1253861,0.4073713,1.199951,1,300,1000,4,30,1.3,15,15,33,31.85257,30,0,2
1254861,0.4252284,1.224058,1,300,1000,4,30,1.3,15,15,33,31.85257,30,0,2
1254861,0.4252284,1.224058,1,300,1000,4,30,1.3,15,15,33,31.49543,30,0,2
1255861,0.4252284,1.224058,1,300,1000,4,30,1.3,15,15,34,31.49543,30,0,2
1255861,0.3861656,1.171324,1,300,1000,4,30,1.3,15,15,34,31.49543,30,0,2
1255861,0.3861656,1.171324,1,300,1000,4,30,1.3,15,15,34,32.27669,30,0,2
1256871,0.3861656,1.171324,1,300,1000,4,30,1.3,15,15,35,32.27669,30,0,2
1256871,0.3716562,1.151736,1,300,1000,4,30,1.3,15,15,35,32.27669,30,0,2
1256871,0.3716562,1.151736,1,300,1000,4,30,1.3,15,15,35,32.56688,30,0,2
1257881,0.3537988,1.127628,1,300,1000,4,30,1.3,15,15,35,32.56688,30,0,2
1257881,0.3537988,1.127628,1,300,1000,4,30,1.3,15,15,35,32.92402,30,0,2
1258881,0.3537988,1.127628,1,300,1000,4,30,1.3,15,15,36,32.92402,30,0,2
1258881,0.3169687,1.077908,1,300,1000,4,30,1.3,15,15,36,32.92402,30,0,2
1258881,0.3169687,1.077908,1,300,1000,4,30,1.3,15,15,36,33.66063,30,0,2
1259881,0.2555846,0.9950392,1,300,1000,4,30,1.3,15,15,36,33.66063,30,0,2
1259881,0.2555846,0.9950392,1,300,1000,4,30,1.3,15,15,36,34.88831,30,0,2
1260891,0.1729954,0.8835437,1,300,1000,4,30,1.3,15,15,36,34.88831,30,0,2
1260891,0.1729954,0.8835437,1,300,1000,4,30,1.3,15,15,36,36.54009,30,0,2
1261901,0.0848261,0.7645152,1,300,1000,4,30,1.3,15,15,36,36.54009,30,0,2
1261901,0.0848261,0.7645152,1,300,1000,4,30,1.3,15,15,36,38.30348,30,0,2
1262901,0.1674153,0.8760107,1,300,1000,4,30,1.3,15,15,36,38.30348,30,0,2
1262901,0.1674153,0.8760107,1,300,1000,4,30,1.3,15,15,36,36.6517,30,0,2
1263911,0.1674153,0.8760107,1,300,1000,4,30,1.3,15,14,38,36.6517,30,0,2
1263911,0.1674153,0.8760107,1,300,1000,4,30,1.3,15,15,38,36.6517,30,0,2
1263911,0.2567008,0.996546,1,300,1000,4,30,1.3,15,15,38,36.6517,30,0,2
1263911,0.2567008,0.996546,1,300,1000,4,30,1.3,15,15,38,34.86599,30,0,2
1264911,0.2567008,0.996546,1,300,1000,4,30,1.3,15,15,39,34.86599,30,0,2
1264911,0.3459869,1.117082,1,300,1000,4,30,1.3,15,15,39,34.86599,30,0,2
1264911,0.3459869,1.117082,1,300,1000,4,30,1.3,15,15,39,33.08026,30,0,2
1265911,0.3649602,1.142696,1,300,1000,4,30,1.3,15,15,39,33.08026,30,0,2
1265911,0.3649602,1.142696,1,300,1000,4,30,1.3,15,15,39,32.70079,30,0,2
1266931,0.3649602,1.142696,1,300,1000,4,30,1.3,15,15,40,32.70079,30,0,2
1266931,0.3459866,1.117082,1,300,1000,4,30,1.3,15,15,40,32.70079,30,0,2
1266931,0.3459866,1.117082,1,300,1000,4,30,1.3,15,15,40,33.08027,30,0,2
1267931,0.229915,0.9603852,1,300,1000,4,30,1.3,15,15,40,33.08027,30,0,2
1267931,0.229915,0.9603852,1,300,1000,4,30,1.3,15,15,40,35.4017,30,0,2
1268931,0.2008977,0.9212119,1,300,1000,4,30,1.3,15,15,40,35.4017,30,0,2
1268931,0.2008977,0.9212119,1,300,1000,4,30,1.3,15,15,40,35.98204,30,0,2
1269931,0.1975494,0.9166917,1,300,1000,4,30,1.3,15,15,40,35.98204,30,0,2
1269931,0.1975494,0.9166917,1,300,1000,4,30,1.3,15,15,40,36.04901,30,0,2
1270941,0.1975497,0.9166921,1,300,1000,4,30,1.3,15,15,40,36.04901,30,0,2
1270941,0.1975497,0.9166921,1,300,1000,4,30,1.3,15,15,40,36.049,30,0,2
1271951,0.1975497,0.9166921,1,300,1000,4,30,1.3,15,15,41,36.049,30,0,2
1271951,0.2678626,1.011614,1,300,1000,4,30,1.3,15,15,41,36.049,30,0,2
1271951,0.2678626,1.011614,1,300,1000,4,30,1.3,15,15,41,34.64275,30,0,2
1272951,0.2678626,1.011614,1,300,1000,4,30,1.3,15,15,42,34.64275,30,0,2
1272951,0.2578173,0.9980534,1,300,1000,4,30,1.3,15,15,42,34.64275,30,0,2
1272951,0.2578173,0.9980534,1,300,1000,4,30,1.3,15,15,42,34.84365,30,0,2
1273951,0.3236647,1.086947,1,300,1000,4,30,1.3,15,14,43,34.84365,30,0,2
1273951,0.3236647,1.086947,1,300,1000,4,30,1.3,15,14,43,33.52671,30,0,2
1274961,0.3649596,1.142695,1,300,1000,4,30,1.3,15,13,44,33.52671,30,0,2
1274961,0.3649596,1.142695,1,300,1000,4,30,1.3,15,13,44,32.70081,30,0,2
1275961,0.3593795,1.135162,1,300,1000,4,30,1.3,15,13,44,32.70081,30,0,2
1275961,0.3593795,1.135162,1,300,1000,4,30,1.3,15,13,44,32.81241,30,0,2
1276981,0.2912997,1.043255,1,300,1000,4,30,1.3,15,13,44,32.81241,30,0,2
1276981,0.2912997,1.043255,1,300,1000,4,30,1.3,15,13,44,34.174,30,0,2
1277981,0.2488889,0.986,1,300,1000,4,30,1.3,15,13,44,34.174,30,0,2
1277981,0.2488889,0.986,1,300,1000,4,30,1.3,15,13,44,35.02222,30,0,2
1278981,0.2064781,0.9287454,1,300,1000,4,30,1.3,15,13,44,35.02222,30,0,2
1278981,0.2064781,0.9287454,1,300,1000,4,30,1.3,15,13,44,35.87044,30,0,2
1279991,0.1886213,0.9046388,1,300,1000,4,30,1.3,15,13,44,35.87044,30,0,2
1279991,0.1886213,0.9046388,1,300,1000,4,30,1.3,15,13,44,36.22757,30,0,2
1280991,0.1517913,0.8549182,1,300,1000,4,30,1.3,15,13,44,36.22757,30,0,2
1280991,0.1517913,0.8549182,1,300,1000,4,30,1.3,15,13,44,36.96418,30,0,2
1282001,0.1774609,0.8895721,1,300,1000,4,30,1.3,15,12,45,36.96418,30,0,2
1282001,0.1774609,0.8895721,1,300,1000,4,30,1.3,15,12,45,36.45078,30,0,2
1283001,0.2924153,1.044761,1,300,1000,4,30,1.3,15,11,46,36.45078,30,0,2
1283001,0.2924153,1.044761,1,300,1000,4,30,1.3,15,11,46,34.1517,30,0,2
1284001,0.43304,1.234604,1,300,1000,4,30,1.3,15,10,47,34.1517,30,0,2
1284001,0.43304,1.234604,1,300,1000,4,30,1.3,15,10,47,31.3392,30,0,2
1285011,0.4285758,1.228577,1,300,1000,4,30,1.3,15,10,47,31.3392,30,0,2
1285011,0.4285758,1.228577,1,300,1000,4,30,1.3,15,10,47,31.42848,30,0,2
1286011,0.3906295,1.17735,1,300,1000,4,30,1.3,15,9,48,31.42848,30,0,2
1286011,0.3906295,1.17735,1,300,1000,4,30,1.3,15,9,48,32.18741,30,0,2
1287041,0.3917451,1.178856,1,300,1000,4,30,1.3,15,8,49,32.18741,30,0,2
1287041,0.3917451,1.178856,1,300,1000,4,30,1.3,15,8,49,32.1651,30,0,2
1288031,0.4162988,1.212003,1,300,1000,4,30,1.3,15,7,50,32.1651,30,0,2
1288031,0.4162988,1.212003,1,300,1000,4,30,1.3,15,7,50,31.67402,30,0,2
1289031,0.4598255,1.270764,1,300,1000,4,30,1.3,15,6,51,31.67402,30,0,2
1289031,0.4598255,1.270764,1,300,1000,4,30,1.3,15,6,51,30.80349,30,0,2
1290031,0.4319244,1.233098,1,300,1000,4,30,1.3,15,6,51,30.80349,30,0,2
1290031,0.4319244,1.233098,1,300,1000,4,30,1.3,15,6,51,31.36151,30,0,2
1291041,0.3772366,1.159269,1,300,1000,4,30,1.3,15,6,51,31.36151,30,0,2
1291041,0.3772366,1.159269,1,300,1000,4,30,1.3,15,6,51,32.45527,30,0,2
1292041,0.3058082,1.062841,1,300,1000,4,30,1.3,15,6,51,32.45527,30,0,2
1292041,0.3058082,1.062841,1,300,1000,4,30,1.3,15,6,51,33.88383,30,0,2
1293051,0.2846022,1.034213,1,300,1000,4,30,1.3,15,6,51,33.88383,30,0,2
1293051,0.2846022,1.034213,1,300,1000,4,30,1.3,15,6,51,34.30796,30,0,2
1294051,0.2600484,1.001065,1,300,1000,4,30,1.3,15,6,51,34.30796,30,0,2
1294051,0.2600484,1.001065,1,300,1000,4,30,1.3,15,6,51,34.79903,30,0,2
1295061,0.3247809,1.088454,1,300,1000,4,30,1.3,15,5,52,34.79903,30,0,2
1295061,0.3247809,1.088454,1,300,1000,4,30,1.3,15,5,52,33.50438,30,0,2
1296061,0.3504508,1.123109,1,300,1000,4,30,1.3,15,5,52,33.50438,30,0,2
1296061,0.3504508,1.123109,1,300,1000,4,30,1.3,15,5,52,32.99099,30,0,2
1297071,0.3348261,1.102015,1,300,1000,4,30,1.3,15,4,53,32.99099,30,0,2
1297071,0.3348261,1.102015,1,300,1000,4,30,1.3,15,4,53,33.30348,30,0,2
1298081,0.2968801,1.050788,1,300,1000,4,30,1.3,15,4,53,33.30348,30,0,2
1298081,0.2968801,1.050788,1,300,1000,4,30,1.3,15,4,53,34.0624,30,0,2
1299081,0.2611647,1.002572,1,300,1000,4,30,1.3,15,3,54,34.0624,30,0,2
1299081,0.2611647,1.002572,1,300,1000,4,30,1.3,15,3,54,34.77671,30,0,2
1300091,0.226566,0.9558641,1,300,1000,4,30,1.3,15,2,55,34.77671,30,0,2
1300091,0.226566,0.9558641,1,300,1000,4,30,1.3,15,2,55,35.46868,30,0,2
1301091,0.2433072,0.9784648,1,300,1000,4,30,1.3,15,2,55,35.46868,30,0,2
1301091,0.2433072,0.9784648,1,300,1000,4,30,1.3,15,2,55,35.13385,30,0,2
1302101,0.3102711,1.068866,1,300,1000,4,30,1.3,15,2,55,35.13385,30,0,2
1302101,0.3102711,1.068866,1,300,1000,4,30,1.3,15,2,55,33.79458,30,0,2
1303101,0.3694231,1.148721,1,300,1000,4,30,1.3,15,2,55,33.79458,30,0,2
1303101,0.3694231,1.148721,1,300,1000,4,30,1.3,15,2,55,32.61154,30,0,2
1304101,0.3839329,1.168309,1,300,1000,4,30,1.3,15,1,56,32.61154,30,0,2
1304101,0.3839329,1.168309,1,300,1000,4,30,1.3,15,1,56,32.32134,30,0,2
1305111,0.3649602,1.142696,1,300,1000,4,30,1.3,15,1,56,32.32134,30,0,2
1305111,0.3649602,1.142696,1,300,1000,4,30,1.3,15,1,56,32.70079,30,0,2
1306111,0.3549159,1.129137,1,300,1000,4,30,1.3,15,1,56,32.70079,30,0,2
1306111,0.3549159,1.129137,1,300,1000,4,30,1.3,15,1,56,32.90168,30,0,2
1307131,0.3225494,1.085442,1,300,1000,4,30,1.3,15,1,56,32.90168,30,0,2
1307131,0.3225494,1.085442,1,300,1000,4,30,1.3,15,1,56,33.54901,30,0,2
1308131,0.3303619,1.095989,1,300,1000,4,30,1.3,15,1,56,33.54901,30,0,2
1308131,0.3303619,1.095989,1,300,1000,4,30,1.3,15,1,56,33.39276,30,0,2
1309131,0.3303619,1.095989,1,300,1000,5,30,1.3,15,0,57,33.39276,30,0,2
1309131,0.3303619,1.095989,1,300,1000,5,30,1.3,22,0,57,33.39276,30,0,2
1309131,0.3303619,1.095989,1,300,1000,5,83,1.3,22,0,57,33.39276,30,0,2
1309131,0.3560312,1.130642,1,300,1000,5,83,1.3,22,0,57,33.39276,30,0,2
1309131,0.3560312,1.130642,1,300,1000,5,83,1.3,22,0,57,32.87938,30,0,2
1319131,0.3560312,1.130642,1,300,1000,5,83,1.3,22,1,57,32.87938,30,0,2
1319131,0.3560312,1.130642,1,300,1000,5,83,1.3,22,2,57,32.87938,30,0,2
1319131,0.3560312,1.130642,1,300,1000,5,83,1.3,22,3,57,32.87938,30,0,2
1319131,0.3560312,1.130642,1,300,1000,5,83,1.3,22,4,57,32.87938,30,0,2
1319131,0.3560312,1.130642,1,300,1000,5,83,1.3,22,5,57,32.87938,30,0,2
1319131,0.3560312,1.130642,1,300,1000,5,83,1.3,22,6,57,32.87938,30,0,2
1319131,0.3560312,1.130642,1,300,1000,5,83,1.3,22,7,57,32.87938,30,0,2
1319131,0.3560312,1.130642,1,300,1000,5,83,1.3,22,8,57,32.87938,30,0,2
1319131,0.3560312,1.130642,1,300,1000,5,83,1.3,22,9,57,32.87938,30,0,2
1319131,0.3560312,1.130642,1,300,1000,5,83,1.3,22,10,57,32.87938,30,0,2
1319131,0.3560312,1.130642,1,300,1000,5,83,1.3,22,11,57,32.87938,30,0,2
1319131,0.3560312,1.130642,1,300,1000,5,83,1.3,22,12,57,32.87938,30,0,2
1319131,0.3560312,1.130642,1,300,1000,5,83,1.3,22,13,57,32.87938,30,0,2
1319131,0.3560312,1.130642,1,300,1000,5,83,1.3,22,14,57,32.87938,30,0,2
1319131,0.3560312,1.130642,1,300,1000,5,83,1.3,22,15,57,32.87938,30,0,2
1319131,0.3560312,1.130642,1,300,1000,5,83,1.3,22,16,57,32.87938,30,0,2
1319131,0.3560312,1.130642,1,300,1000,5,83,1.3,22,17,57,32.87938,30,0,2
1319131,0.3560312,1.130642,1,300,1000,5,83,1.3,22,18,57,32.87938,30,0,2
1319131,0.3560312,1.130642,1,300,1000,5,83,1.3,22,19,57,32.87938,30,0,2
1319131,0.3560312,1.130642,1,300,1000,5,83,1.3,22,20,57,32.87938,30,0,2
1319131,0.3560312,1.130642,1,300,1000,5,83,1.3,22,21,57,32.87938,30,0,2
1319131,0.3560312,1.130642,1,300,1000,5,83,1.3,22,22,57,32.87938,30,0,2
1319131,0.2611653,1.002573,1,300,1000,5,83,1.3,22,22,57,32.87938,30,0,2
1319131,0.2611653,1.002573,1,300,1000,5,83,1.3,22,22,57,34.7767,30,0,2
1320141,0.3192011,1.080922,1,300,1000,5,83,1.3,22,22,57,34.7767,30,0,2
1320141,0.3192011,1.080922,1,300,1000,5,83,1.3,22,22,57,33.61598,30,0,2
1321151,0.30804,1.065854,1,300,1000,5,83,1.3,22,22,57,33.61598,30,0,2
1321151,0.30804,1.065854,1,300,1000,5,83,1.3,22,22,57,33.8392,30,0,2
1322151,0.3247812,1.088455,1,300,1000,5,83,1.3,22,22,57,33.8392,30,0,2
1322151,0.3247812,1.088455,1,300,1000,5,83,1.3,22,22,57,33.50438,30,0,2
1323151,0.3939772,1.181869,1,300,1000,5,83,1.3,22,22,57,33.50438,30,0,2
1323151,0.3939772,1.181869,1,300,1000,5,83,1.3,22,22,57,32.12046,30,0,2
1324161,0.4776832,1.294872,1,300,1000,5,83,1.3,22,22,57,32.12046,30,0,2
1324161,0.4776832,1.294872,1,300,1000,5,83,1.3,22,22,57,30.44633,30,0,2
1325181,0.483263,1.302405,1,300,1000,5,83,1.3,22,22,57,30.44633,30,0,2
1325181,0.483263,1.302405,1,300,1000,5,83,1.3,22,22,57,30.33474,30,0,2
1326171,0.4598258,1.270765,1,300,1000,5,83,1.3,22,22,57,30.33474,30,0,2
1326171,0.4598258,1.270765,1,300,1000,5,83,1.3,22,22,57,30.80348,30,0,2
1327181,0.4598258,1.270765,1,300,1000,5,83,1.3,22,22,58,30.80348,30,0,2
1327181,0.5937542,1.451568,1,300,1000,5,83,1.3,22,22,58,30.80348,30,0,2
1327181,0.5937542,1.451568,1,300,1000,5,83,1.3,22,22,58,28.12492,30,0,2
1328191,0.5937542,1.451568,1,300,1000,5,83,1.3,22,22,59,28.12492,30,0,2
1328191,0.8002278,1.730308,1,300,1000,5,83,1.3,22,22,59,28.12492,30,0,2
1328191,0.8002278,1.730308,1,300,1000,5,83,1.3,22,22,59,23.99544,30,0,2
1329181,0.992192,1.989459,1,300,1000,5,83,1.3,22,22,59,23.99544,30,0,2
1329181,0.992192,1.989459,1,300,1000,5,83,1.3,22,22,59,20.15616,30,0,2
1330191,1,2,1,300,1000,5,83,1.3,22,22,59,20.15616,30,0,2
1330191,1,2,1,300,1000,5,83,1.3,22,22,59,20,30,0,2
1331201,0.9587092,1.944257,1,300,1000,5,83,1.3,22,22,59,20,30,0,2
1331201,0.9587092,1.944257,1,300,1000,5,83,1.3,22,22,59,20.82582,30,0,2
1332201,0.929692,1.905084,1,300,1000,5,83,1.3,22,22,59,20.82582,30,0,2
1332201,0.929692,1.905084,1,300,1000,5,83,1.3,22,22,59,21.40616,30,0,2
1333211,0.9196474,1.891524,1,300,1000,5,83,1.3,22,22,59,21.40616,30,0,2
1333211,0.9196474,1.891524,1,300,1000,5,83,1.3,22,22,59,21.60705,30,0,2
1334231,0.9196474,1.891524,1,300,1000,5,83,1.3,22,22,60,21.60705,30,0,2
1334231,0.9285764,1.903578,1,300,1000,5,83,1.3,22,22,60,21.60705,30,0,2
1334231,0.9285764,1.903578,1,300,1000,5,83,1.3,22,22,60,21.42847,30,0,2
1335211,0.9285764,1.903578,1,300,1000,5,83,1.3,22,22,61,21.42847,30,0,2
1335211,0.9084879,1.876459,1,300,1000,5,83,1.3,22,22,61,21.42847,30,0,2
1335211,0.9084879,1.876459,1,300,1000,5,83,1.3,22,22,61,21.83024,30,0,2
1336231,0.9084879,1.876459,1,300,1000,5,83,1.3,22,22,62,21.83024,30,0,2
1336231,0.8560321,1.805643,1,300,1000,5,83,1.3,22,22,62,21.83024,30,0,2
1336231,0.8560321,1.805643,1,300,1000,5,83,1.3,22,22,62,22.87936,30,0,2
1337231,0.8192014,1.755922,1,300,1000,5,83,1.3,22,22,62,22.87936,30,0,2
1337231,0.8192014,1.755922,1,300,1000,5,83,1.3,22,22,62,23.61597,30,0,2
1338231,0.7700937,1.689626,1,300,1000,5,83,1.3,22,22,62,23.61597,30,0,2
1338231,0.7700937,1.689626,1,300,1000,5,83,1.3,22,22,62,24.59813,30,0,2
1339231,0.6160748,1.481701,1,300,1000,5,83,1.3,22,22,62,24.59813,30,0,2
1339231,0.6160748,1.481701,1,300,1000,5,83,1.3,22,22,62,27.6785,30,0,2
1340241,0.4787981,1.296377,1,300,1000,5,83,1.3,22,22,62,27.6785,30,0,2
1340241,0.4787981,1.296377,1,300,1000,5,83,1.3,22,22,62,30.42404,30,0,2
1777402,0,1,1,300,1000,1,5,1.3,5,0,0,30,30,0,0
1777402,0,1,1,300,1000,1,5,1.3,5,0,0,30,30,0,0
1777402,0,1,1,300,1000,1,5,1.3,5,0,0,30,30,0,0
1777402,0,1,1,300,1000,1,5,1.3,5,0,0,30,30,0,0
1777402,0,1,1,300,1000,1,5,1.3,5,0,0,30,30,0,0
1777402,0,1,1,300,1000,1,5,1.3,5,0,0,30,30,0,0
1782402,0,1,1,300,1000,1,5,1.3,5,1,0,30,30,0,3
1782402,0,1,1,300,1000,1,5,1.3,5,1,0,30,30,0,3
1782402,0,1,1,300,1000,1,5,1.3,5,1,0,30,30,0,3
1782402,0,1,1,300,1000,1,5,1.3,5,1,0,30,30,0,3
1782402,0,1,1,300,1000,1,5,1.3,5,1,0,30,30,1,3
1783402,0,1,1,300,1000,1,5,1.3,5,2,0,30,30,1,3
1784412,0,1,1,300,1000,1,5,1.3,5,3,0,30,30,1,3
1785412,0,1,1,300,1000,1,5,1.3,5,4,0,30,30,1,3
1786422,0,1,1,300,1000,1,5,1.3,5,5,0,30,30,1,3
1789442,0,1,1,300,1000,1,5,1.3,5,4,1,30,30,1,3
1800492,0,1,1,300,1000,2,5,1.3,5,0,5,30,30,1,3
1800492,0,1,1,300,1000,2,5,1.3,7,0,5,30,30,1,3
1800492,0,1,1,300,1000,2,8,1.3,7,0,5,30,30,1,3
1810492,0,1,1,300,1000,2,8,1.3,7,1,5,30,30,1,3
1810492,0,1,1,300,1000,2,8,1.3,7,2,5,30,30,1,3
1811502,0,1,1,300,1000,2,8,1.3,7,3,5,30,30,1,3
1811502,0,1,1,300,1000,2,8,1.3,7,4,5,30,30,1,3
1812502,0,1,1,300,1000,2,8,1.3,7,5,5,30,30,1,3
1812502,0,1,1,300,1000,2,8,1.3,7,6,5,30,30,1,3
1813512,0,1,1,300,1000,2,8,1.3,7,4,8,30,30,1,3
1813512,0,1,1,300,1000,2,8,1.3,7,5,8,30,30,1,3
1838642,0,1,1,300,1000,3,8,1.3,7,0,13,30,30,1,3
1838642,0,1,1,300,1000,3,8,1.3,10,0,13,30,30,1,3
1838642,0,1,1,300,1000,3,14,1.3,10,0,13,30,30,1,3
1848642,0,1,1,300,1000,3,14,1.3,10,1,13,30,30,1,3
1848642,0,1,1,300,1000,3,14,1.3,10,2,13,30,30,1,3
1848642,0,1,1,300,1000,3,14,1.3,10,3,13,30,30,1,3
1848642,0,1,1,300,1000,3,14,1.3,10,4,13,30,30,1,3
1848642,0,1,1,300,1000,3,14,1.3,10,4,13,30,30,0,3
1848642,0.1275208,1,2.339068,300,1000,3,14,1.3,10,4,13,30,30,0,3
1849642,0.1275208,1,2.339068,300,1000,3,14,1.3,10,5,13,30,30,0,3
1849642,0.1275208,1,2.339068,300,1000,3,14,1.3,10,6,13,30,30,0,3
1849642,0.1275208,1,2.339068,300,1000,3,14,1.3,10,7,13,30,30,0,3
1849642,0.1275208,1,2.339068,300,1000,3,14,1.3,10,8,13,30,30,0,3
1849642,0.1113917,1,2.430773,300,1000,3,14,1.3,10,8,13,30,30,0,3
1850652,0.1113917,1,2.430773,300,1000,3,14,1.3,10,8,14,30,30,0,3
1850652,0.1113917,1,2.430773,300,1000,3,14,1.3,10,9,14,30,30,0,3
1850652,0.1113917,1,2.430773,300,1000,3,14,1.3,10,10,14,30,30,0,3
1850652,0.1113917,1,2.430773,300,1000,3,14,1.3,10,11,14,30,30,0,3
1850652,0.1446576,1,2.248921,300,1000,3,14,1.3,10,11,14,30,30,0,3
1851652,0.1446576,1,2.248921,300,1000,3,14,1.3,10,11,15,30,30,0,3
1851652,0.1532262,1,2.206404,300,1000,3,14,1.3,10,11,15,30,30,0,3
1852662,0.1527222,1,2.20886,300,1000,3,14,1.3,10,11,15,30,30,0,3
1853662,0.1527222,1,2.20886,300,1000,3,14,1.3,10,11,16,30,30,0,3
1853662,0.1668349,1,2.142085,300,1000,3,14,1.3,10,11,16,30,30,0,3
1854672,0.1416336,1,2.26432,300,1000,3,14,1.3,10,11,16,30,30,0,3
1855672,0.1416338,1,2.26432,300,1000,3,14,1.3,10,11,16,30,30,0,3
1856682,0.1456659,1,2.243833,300,1000,3,14,1.3,10,11,16,30,30,0,3
1857692,0.1607867,1,2.170202,300,1000,3,14,1.3,10,11,16,30,30,0,3
1858692,0.1809479,1,2.079227,300,1000,3,14,1.3,10,10,17,30,30,0,3
1859692,0.144658,1,2.248919,300,1000,3,14,1.3,10,10,17,30,30,0,3
1860702,0.08568668,1,2.592778,300,1000,3,14,1.3,10,10,17,30,30,0,3
1861702,0.04435598,1,2.903971,300,1000,3,14,1.3,10,10,17,30,30,0,3
1862712,0.07308581,1,2.680348,300,1000,3,14,1.3,10,9,18,30,30,0,3
1863712,0.1360898,1,2.293106,300,1000,3,14,1.3,10,7,20,30,30,0,3
1864722,0.1547389,1,2.199064,300,1000,3,14,1.3,10,7,20,30,30,0,3
1865722,0.1708683,1,2.123736,300,1000,3,14,1.3,10,5,22,30,30,0,3
1866742,0.1698601,1,2.128293,300,1000,3,14,1.3,10,4,23,30,30,0,3
1867732,0.1769168,1,2.096802,300,1000,3,14,1.3,10,3,24,30,30,0,3
1868742,0.1633076,1,2.158393,300,1000,3,14,1.3,10,3,24,30,30,0,3
1869752,0.1068564,1,2.45787,300,1000,3,14,1.3,10,3,24,30,30,0,3
1870752,0.06602981,1,2.732018,300,1000,3,14,1.3,10,3,24,30,30,0,3
1871752,0.0257073,1,3.070241,300,1000,3,14,1.3,10,3,24,30,30,0,3
1872762,0.04133215,1,2.929698,300,1000,3,14,1.3,10,2,25,30,30,0,3
1873762,0.05947703,1,2.781819,300,1000,3,14,1.3,10,2,25,30,30,0,3
1874772,0.08669458,1,2.58602,300,1000,3,14,1.3,10,1,26,30,30,0,3
1875772,0.1496982,1,2.223713,300,1000,3,14,1.3,10,1,26,30,30,0,3
1876782,0.1496982,1,2.223713,300,1000,4,14,1.3,10,0,27,30,30,0,3
1876782,0.1496982,1,2.223713,300,1000,4,14,1.3,15,0,27,30,30,0,3
1876782,0.1496982,1,2.223713,300,1000,4,30,1.3,15,0,27,30,30,0,3
1876782,0.1633072,1,2.158395,300,1000,4,30,1.3,15,0,27,30,30,0,3
1886782,0.1633072,1,2.158395,300,1000,4,30,1.3,15,1,27,30,30,0,3
1886782,0.1633072,1,2.158395,300,1000,4,30,1.3,15,2,27,30,30,0,3
1886782,0.1633072,1,2.158395,300,1000,4,30,1.3,15,3,27,30,30,0,3
1886782,0.1633072,1,2.158395,300,1000,4,30,1.3,15,4,27,30,30,0,3
1886782,0.1633072,1,2.158395,300,1000,4,30,1.3,15,5,27,30,30,0,3
1886782,0.1633072,1,2.158395,300,1000,4,30,1.3,15,6,27,30,30,0,3
1886782,0.1633072,1,2.158395,300,1000,4,30,1.3,15,7,27,30,30,0,3
1886782,0.1633072,1,2.158395,300,1000,4,30,1.3,15,8,27,30,30,0,3
1886782,0.1633072,1,2.158395,300,1000,4,30,1.3,15,9,27,30,30,0,3
1886782,0.02217836,1,3.103871,300,1000,4,30,1.3,15,9,27,30,30,0,3
1887782,0.02217836,1,3.103871,300,1000,4,30,1.3,15,10,27,30,30,0,3
1887782,0.02217836,1,3.103871,300,1000,4,30,1.3,15,11,27,30,30,0,3
1887782,0.02217836,1,3.103871,300,1000,4,30,1.3,15,12,27,30,30,0,3
1887782,0.02217836,1,3.103871,300,1000,4,30,1.3,15,13,27,30,30,0,3
1887782,0.02217836,1,3.103871,300,1000,4,30,1.3,15,14,27,30,30,0,3
1887782,0.02217836,1,3.103871,300,1000,4,30,1.3,15,15,27,30,30,0,3
1887782,0.02217836,1,3.103871,300,1000,4,30,1.3,15,16,27,30,30,0,3
1887782,0.02217836,1,3.103871,300,1000,4,30,1.3,15,17,27,30,30,0,3
1887782,0.02217836,1,3.103871,300,1000,4,30,1.3,15,18,27,30,30,0,3
1887782,0.005545604,1,3.272834,300,1000,4,30,1.3,15,18,27,30,30,0,3
1888792,0,1,3.333333,300,1000,4,30,1.3,15,18,27,30,30,0,3
1889802,0,1,3.333333,300,1000,4,30,1.3,15,17,29,30,30,0,3
1889802,0,1,3.333333,300,1000,4,30,1.3,15,18,29,30,30,0,3
1889802,0,1,3.333333,300,1000,4,30,1.3,15,18,29,30,30,0,3
1890802,0,1,3.333333,300,1000,4,30,1.3,15,18,30,30,30,0,3
1890802,0,1,3.333333,300,1000,4,30,1.3,15,18,30,30,30,0,3
1891812,0,1,3.333333,300,1000,4,30,1.3,15,18,30,30,30,0,3
1892812,0,1,3.333333,300,1000,4,30,1.3,15,18,30,30,30,0,3
1893822,0,1,3.333333,300,1000,4,30,1.3,15,18,30,30,30,0,3
1894822,0,1,3.333333,300,1000,4,30,1.3,15,18,30,30,30,0,3
1895832,0,1,3.333333,300,1000,4,30,1.3,15,18,30,30,30,0,3
1896842,0,1,3.333333,300,1000,4,30,1.3,15,18,30,30,30,0,3
1897842,0,1,3.333333,300,1000,4,30,1.3,15,18,31,30,30,0,3
1897842,0,1,3.333333,300,1000,4,30,1.3,15,18,31,30,30,0,3
1898852,0,1,3.333333,300,1000,4,30,1.3,15,18,32,30,30,0,3
1898852,0,1,3.333333,300,1000,4,30,1.3,15,18,32,30,30,0,3
1899852,0,1,3.333333,300,1000,4,30,1.3,15,18,33,30,30,0,3
1899852,0,1,3.333333,300,1000,4,30,1.3,15,18,33,30,30,0,3
1900862,0,1,3.333333,300,1000,4,30,1.3,15,17,35,30,30,0,3
1900862,0,1,3.333333,300,1000,4,30,1.3,15,18,35,30,30,0,3
1900862,0,1,3.333333,300,1000,4,30,1.3,15,18,35,30,30,0,3
1901862,0,1,3.333333,300,1000,4,30,1.3,15,18,35,30,30,0,3
1902862,0,1,3.333333,300,1000,4,30,1.3,15,17,37,30,30,0,3
1902862,0,1,3.333333,300,1000,4,30,1.3,15,18,37,30,30,0,3
1902862,0,1,3.333333,300,1000,4,30,1.3,15,18,37,30,30,0,3
1903872,0,1,3.333333,300,1000,4,30,1.3,15,18,37,30,30,0,3
1904882,0,1,3.333333,300,1000,4,30,1.3,15,18,37,30,30,0,3
1905882,0,1,3.333333,300,1000,4,30,1.3,15,18,37,30,30,0,3
1906892,0,1,3.333333,300,1000,4,30,1.3,15,18,37,30,30,0,3
1907902,0,1,3.333333,300,1000,4,30,1.3,15,18,37,30,30,0,3
1908902,0,1,3.333333,300,1000,4,30,1.3,15,18,37,30,30,0,3
1913782,0,1,1,300,1000,1,5,1.3,5,0,0,30,30,0,0
1913782,0,1,1,300,1000,1,5,1.3,5,0,0,30,30,0,0
1913782,0,1,1,300,1000,1,5,1.3,5,0,0,30,30,0,0
1913782,0,1,1,300,1000,1,5,1.3,5,0,0,30,30,0,0
1913782,0,1,1,300,1000,1,5,1.3,5,0,0,30,30,0,0
1913782,0,1,1,300,1000,1,5,1.3,5,0,0,30,30,0,0
1918772,0,1,1,300,1000,1,5,1.3,5,1,0,30,30,0,3
1918772,0,1,1,300,1000,1,5,1.3,5,1,0,30,30,0,3
1918772,0,1,1,300,1000,1,5,1.3,5,1,0,30,30,0,3
1918772,0,1,1,300,1000,1,5,1.3,5,1,0,30,30,0,3
1918772,0,1,1,300,1000,1,5,1.3,5,1,0,30,30,1,3
1919782,0,1,1,300,1000,1,5,1.3,5,2,0,30,30,1,3
1920782,0,1,1,300,1000,1,5,1.3,5,3,0,30,30,1,3
1921782,0,1,1,300,1000,1,5,1.3,5,4,0,30,30,1,3
1922792,0,1,1,300,1000,1,5,1.3,5,5,0,30,30,1,3
1925802,0,1,1,300,1000,1,5,1.3,5,4,1,30,30,1,3
1952952,0,1,1,300,1000,2,5,1.3,5,0,5,30,30,1,3
1952952,0,1,1,300,1000,2,5,1.3,7,0,5,30,30,1,3
1952952,0,1,1,300,1000,2,8,1.3,7,0,5,30,30,1,3
1962952,0,1,1,300,1000,2,8,1.3,7,1,5,30,30,1,3
1962952,0,1,1,300,1000,2,8,1.3,7,2,5,30,30,1,3
1963952,0,1,1,300,1000,2,8,1.3,7,3,5,30,30,1,3
1963952,0,1,1,300,1000,2,8,1.3,7,4,5,30,30,1,3
1964952,0,1,1,300,1000,2,8,1.3,7,5,5,30,30,1,3
1964952,0,1,1,300,1000,2,8,1.3,7,6,5,30,30,1,3
1965962,0,1,1,300,1000,2,8,1.3,7,6,6,30,30,1,3
1965962,0,1,1,300,1000,2,8,1.3,7,7,6,30,30,1,3
1979032,0,1,1,300,1000,2,8,1.3,7,3,10,30,30,0,3
1979032,0.5322945,1,1.201498,300,1000,2,8,1.3,7,3,10,30,30,0,3
1980032,0.3802105,1,1.470133,300,1000,2,8,1.3,7,3,10,30,30,0,3
1981052,0.268752,1,1.758235,300,1000,2,8,1.3,7,3,10,30,30,0,3
1982042,0.2281268,1,1.893485,300,1000,2,8,1.3,7,2,11,30,30,0,3
1983042,0.2458349,1,1.832056,300,1000,2,8,1.3,7,2,11,30,30,0,3
1984052,0.3302099,1,1.586773,300,1000,2,8,1.3,7,2,11,30,30,0,3
1985052,0.3302099,1,1.586773,300,1000,3,8,1.3,7,0,13,30,30,0,3
1985052,0.3302099,1,1.586773,300,1000,3,8,1.3,10,0,13,30,30,0,3
1985052,0.3302099,1,1.586773,300,1000,3,14,1.3,10,0,13,30,30,0,3
1985052,0.4500019,1,1.33333,300,1000,3,14,1.3,10,0,13,30,30,0,3
1995062,0.4500019,1,1.33333,300,1000,3,14,1.3,10,1,13,30,30,0,3
1995062,0.4500019,1,1.33333,300,1000,3,14,1.3,10,2,13,30,30,0,3
1995062,0.4500019,1,1.33333,300,1000,3,14,1.3,10,3,13,30,30,0,3
1995062,0.4500019,1,1.33333,300,1000,3,14,1.3,10,4,13,30,30,0,3
1995062,0.3177105,1,1.618881,300,1000,3,14,1.3,10,4,13,30,30,0,3
1996072,0.3177105,1,1.618881,300,1000,3,14,1.3,10,5,13,30,30,0,3
1996072,0.3177105,1,1.618881,300,1000,3,14,1.3,10,6,13,30,30,0,3
1996072,0.3177105,1,1.618881,300,1000,3,14,1.3,10,7,13,30,30,0,3
1996072,0.3177105,1,1.618881,300,1000,3,14,1.3,10,8,13,30,30,0,3
1996072,0.3895848,1,1.450148,300,1000,3,14,1.3,10,8,13,30,30,0,3
1997072,0.3895848,1,1.450148,300,1000,3,14,1.3,10,9,13,30,30,0,3
1997072,0.3895848,1,1.450148,300,1000,3,14,1.3,10,10,13,30,30,0,3
1997072,0.4614598,1,1.313267,300,1000,3,14,1.3,10,10,13,30,30,0,3
1998082,0.4614598,1,1.313267,300,1000,3,14,1.3,10,10,14,30,30,0,3
1998082,0.5083347,1,1.237111,300,1000,3,14,1.3,10,10,14,30,30,0,3
1999082,0.5083347,1,1.237111,300,1000,3,14,1.3,10,10,15,30,30,0,3
1999082,0.5625012,1,1.159419,300,1000,3,14,1.3,10,10,15,30,30,0,3
2000082,0.5583346,1,1.165047,300,1000,3,14,1.3,10,10,15,30,30,0,3
2001102,0.5437515,1,1.185183,300,1000,3,14,1.3,10,10,15,30,30,0,3
2002102,0.5302106,1,1.204514,300,1000,3,14,1.3,10,10,15,30,30,0,3
2003102,0.5302106,1,1.204514,300,1000,3,14,1.3,10,10,16,30,30,0,3
2003102,0.5343772,1,1.198499,300,1000,3,14,1.3,10,10,16,30,30,0,3
2004102,0.4802107,1,1.281705,300,1000,3,14,1.3,10,10,16,30,30,0,3
2005112,0.4718772,1,1.295543,300,1000,3,14,1.3,10,10,16,30,30,0,3
2006122,0.5197941,1,1.219818,300,1000,3,14,1.3,10,10,16,30,30,0,3
2007122,0.5197941,1,1.219818,300,1000,3,14,1.3,10,10,17,30,30,0,3
2007122,0.595836,1,1.116276,300,1000,3,14,1.3,10,10,17,30,30,0,3
2008132,0.7000021,1,0.9999979,300,1000,3,14,1.3,10,10,17,30,30,0,3
2009132,0.7572938,1,0.9458109,300,1000,3,14,1.3,10,10,17,30,30,0,3
2010132,0.7072941,1,0.9927587,300,1000,3,14,1.3,10,10,17,30,30,0,3
2011142,0.7437531,1,0.9580809,300,1000,3,14,1.3,10,9,18,30,30,0,3
2012142,0.709378,1,0.9907091,300,1000,3,14,1.3,10,9,18,30,30,0,3
2013152,0.7343782,1,0.9667644,300,1000,3,14,1.3,10,8,19,30,30,0,3
2014162,0.7385441,1,0.9628864,300,1000,3,14,1.3,10,7,20,30,30,0,3
2015162,0.7208357,1,0.9795896,300,1000,3,14,1.3,10,7,20,30,30,0,3
2016162,0.7593777,1,0.9439504,300,1000,3,14,1.3,10,7,20,30,30,0,3
2017172,0.7729189,1,0.9320369,300,1000,3,14,1.3,10,6,21,30,30,0,3
2018172,0.8208359,1,0.8921913,300,1000,3,14,1.3,10,5,22,30,30,0,3
2019182,0.7718774,1,0.9329425,300,1000,3,14,1.3,10,5,22,30,30,0,3
2020182,0.6989604,1,1.001041,300,1000,3,14,1.3,10,5,22,30,30,0,3
2021192,0.7291692,1,0.9716575,300,1000,3,14,1.3,10,3,24,30,30,0,3
2022192,0.6625026,1,1.038958,300,1000,3,14,1.3,10,3,24,30,30,0,3
2023202,0.6291693,1,1.07623,300,1000,3,14,1.3,10,3,24,30,30,0,3
2024212,0.4645858,1,1.307898,300,1000,3,14,1.3,10,3,24,30,30,0,3
2025212,0.3010438,1,1.663772,300,1000,3,14,1.3,10,2,25,30,30,0,3
2026222,0.2572935,1,1.794387,300,1000,3,14,1.3,10,2,25,30,30,0,3
2027232,0.2583356,1,1.791038,300,1000,3,14,1.3,10,2,25,30,30,0,3
2028222,0.3958359,1,1.43712,300,1000,3,14,1.3,10,1,26,30,30,0,3
2029232,0.4010437,1,1.426445,300,1000,3,14,1.3,10,1,26,30,30,0,3
2030232,0.4010437,1,1.426445,300,1000,4,14,1.3,10,0,27,30,30,0,3
2030232,0.4010437,1,1.426445,300,1000,4,14,1.3,15,0,27,30,30,0,3
2030232,0.4010437,1,1.426445,300,1000,4,30,1.3,15,0,27,30,30,0,3
2030232,0.3291684,1,1.589399,300,1000,4,30,1.3,15,0,27,30,30,0,3
2040242,0.3291684,1,1.589399,300,1000,4,30,1.3,15,1,27,30,30,0,3
2040242,0.3291684,1,1.589399,300,1000,4,30,1.3,15,2,27,30,30,0,3
2040242,0.3291684,1,1.589399,300,1000,4,30,1.3,15,3,27,30,30,0,3
2040242,0.3291684,1,1.589399,300,1000,4,30,1.3,15,4,27,30,30,0,3
2040242,0.3291684,1,1.589399,300,1000,4,30,1.3,15,5,27,30,30,0,3
2040242,0.3291684,1,1.589399,300,1000,4,30,1.3,15,6,27,30,30,0,3
2040242,0.3291684,1,1.589399,300,1000,4,30,1.3,15,7,27,30,30,0,3
2040242,0.3291684,1,1.589399,300,1000,4,30,1.3,15,8,27,30,30,0,3
2040242,0.3291684,1,1.589399,300,1000,4,30,1.3,15,9,27,30,30,0,3
2040242,0.1395849,1,2.274873,300,1000,4,30,1.3,15,9,27,30,30,0,3
2041242,0.1395849,1,2.274873,300,1000,4,30,1.3,15,10,27,30,30,0,3
2041242,0.1395849,1,2.274873,300,1000,4,30,1.3,15,11,27,30,30,0,3
2041242,0.1395849,1,2.274873,300,1000,4,30,1.3,15,12,27,30,30,0,3
2041242,0.1395849,1,2.274873,300,1000,4,30,1.3,15,13,27,30,30,0,3
2041242,0.1395849,1,2.274873,300,1000,4,30,1.3,15,14,27,30,30,0,3
2041242,0.1395849,1,2.274873,300,1000,4,30,1.3,15,15,27,30,30,0,3
2041242,0.1395849,1,2.274873,300,1000,4,30,1.3,15,16,27,30,30,0,3
2041242,0.1395849,1,2.274873,300,1000,4,30,1.3,15,17,27,30,30,0,3
2041242,0.1489598,1,2.227371,300,1000,4,30,1.3,15,17,27,30,30,0,3
2042252,0.1708355,1,2.123884,300,1000,4,30,1.3,15,17,27,30,30,0,3
2043252,0.1989598,1,2.004169,300,1000,4,30,1.3,15,17,27,30,30,0,3
2044262,0.2552096,1,1.801122,300,1000,4,30,1.3,15,17,27,30,30,0,3
2045272,0.3156266,1,1.624361,300,1000,4,30,1.3,15,16,28,30,30,0,3
2046272,0.3156266,1,1.624361,300,1000,4,30,1.3,15,16,29,30,30,0,3
2046272,0.3718767,1,1.488368,300,1000,4,30,1.3,15,16,29,30,30,0,3
2047282,0.3812514,1,1.467887,300,1000,4,30,1.3,15,15,30,30,30,0,3
2048282,0.3812514,1,1.467887,300,1000,4,30,1.3,15,15,31,30,30,0,3
2048282,0.4208348,1,1.38728,300,1000,4,30,1.3,15,15,31,30,30,0,3
2049282,0.4135429,1,1.401457,300,1000,4,30,1.3,15,15,31,30,30,0,3
2050312,0.4135429,1,1.401457,300,1000,4,30,1.3,15,11,36,30,30,0,3
2050312,0.4135429,1,1.401457,300,1000,4,30,1.3,15,12,36,30,30,0,3
2050312,0.4135429,1,1.401457,300,1000,4,30,1.3,15,13,36,30,30,0,3
2050312,0.4135429,1,1.401457,300,1000,4,30,1.3,15,14,36,30,30,0,3
2050312,0.4135429,1,1.401457,300,1000,4,30,1.3,15,15,36,30,30,0,3
2050312,0.4031267,1,1.422219,300,1000,4,30,1.3,15,15,36,30,30,0,3
2051292,0.3552098,1,1.526229,300,1000,4,30,1.3,15,15,36,30,30,0,3
2052302,0.3552098,1,1.526229,300,1000,4,30,1.3,15,16,36,30,30,0,3
2052302,0.2625013,1,1.777774,300,1000,4,30,1.3,15,16,36,30,30,0,3
2053302,0.2145849,1,1.943314,300,1000,4,30,1.3,15,16,36,30,30,0,3
2054322,0.2145849,1,1.943314,300,1000,4,30,1.3,15,16,37,30,30,0,3
2054322,0.2145849,1,1.943314,300,1000,4,30,1.3,15,17,37,30,30,0,3
2054322,0.2322937,1,1.878662,300,1000,4,30,1.3,15,17,37,30,30,0,3
2055312,0.2520851,1,1.811315,300,1000,4,30,1.3,15,17,37,30,30,0,3
2056322,0.3145851,1,1.627114,300,1000,4,30,1.3,15,17,37,30,30,0,3
2057332,0.3093764,1,1.641022,300,1000,4,30,1.3,15,17,37,30,30,0,3
2058332,0.3062516,1,1.64948,300,1000,4,30,1.3,15,16,38,30,30,0,3
2059342,0.3062516,1,1.64948,300,1000,4,30,1.3,15,16,39,30,30,0,3
2059342,0.3802105,1,1.470133,300,1000,4,30,1.3,15,16,39,30,30,0,3
2060352,0.4322943,1,1.365571,300,1000,4,30,1.3,15,16,39,30,30,0,3
2061362,0.4614613,1,1.313264,300,1000,4,30,1.3,15,15,40,30,30,0,3
2062352,0.4614613,1,1.313264,300,1000,4,30,1.3,15,15,41,30,30,0,3
2062352,0.4864611,1,1.271519,300,1000,4,30,1.3,15,15,41,30,30,0,3
2063362,0.4864611,1,1.271519,300,1000,4,30,1.3,15,15,42,30,30,0,3
2063362,0.4864605,1,1.27152,300,1000,4,30,1.3,15,15,42,30,30,0,3
2064362,0.445835,1,1.340779,300,1000,4,30,1.3,15,15,42,30,30,0,3
2065362,0.4125014,1,1.403506,300,1000,4,30,1.3,15,14,43,30,30,0,3
2066372,0.3864601,1,1.456749,300,1000,4,30,1.3,15,13,44,30,30,0,3
2067372,0.3135433,1,1.629877,300,1000,4,30,1.3,15,13,44,30,30,0,3
2068382,0.2739601,1,1.742281,300,1000,4,30,1.3,15,13,44,30,30,0,3
2069402,0.2000019,1,1.999992,300,1000,4,30,1.3,15,13,44,30,30,0,3
2070402,0.1552106,1,2.196785,300,1000,4,30,1.3,15,13,44,30,30,0,3
2071402,0.1739608,1,2.109879,300,1000,4,30,1.3,15,13,44,30,30,0,3
2072402,0.1458356,1,2.242979,300,1000,4,30,1.3,15,13,44,30,30,0,3
2486853,0,1,1,300,1000,1,5,1.3,5,0,0,30,30,0,0
2486853,0,1,1,300,1000,1,5,1.3,5,0,0,30,30,0,0
2486853,0,1,1,300,1000,1,5,1.3,5,0,0,30,30,0,0
2486853,0,1,1,300,1000,1,5,1.3,5,0,0,30,30,0,0
2486853,0,1,1,300,1000,1,5,1.3,5,0,0,30,30,0,0
2486853,0,1,1,300,1000,1,5,1.3,5,0,0,30,30,0,0
2491833,0,1,1,300,1000,1,5,1.3,5,1,0,30,30,0,4
2491833,0,1,1,300,1000,1,5,1.3,5,1,0,30,30,0,4
2491833,0,1,1,300,1000,1,5,1.3,5,1,0,30,30,0,4
2491833,0,1,1,300,1000,1,5,1.3,5,1,0,30,30,0,4
2491833,0,1,1,300,1000,1,5,1.3,5,1,0,30,30,1,4
2492843,0,1,1,300,1000,1,5,1.3,5,2,0,30,30,1,4
2493843,0,1,1,300,1000,1,5,1.3,5,3,0,30,30,1,4
2494853,0,1,1,300,1000,1,5,1.3,5,4,0,30,30,1,4
2495853,0,1,1,300,1000,1,5,1.3,5,5,0,30,30,1,4
2498873,0,1,1,300,1000,1,5,1.3,5,3,2,30,30,1,4
2508923,0,1,1,300,1000,2,5,1.3,5,0,5,30,30,1,4
2508923,0,1,1,300,1000,2,5,1.3,7,0,5,30,30,1,4
2508923,0,1,1,300,1000,2,8,1.3,7,0,5,30,30,1,4
2518923,0,1,1,300,1000,2,8,1.3,7,1,5,30,30,1,4
2518923,0,1,1,300,1000,2,8,1.3,7,2,5,30,30,1,4
2519933,0,1,1,300,1000,2,8,1.3,7,3,5,30,30,1,4
2519933,0,1,1,300,1000,2,8,1.3,7,4,5,30,30,1,4
2520933,0,1,1,300,1000,2,8,1.3,7,5,5,30,30,1,4
2520933,0,1,1,300,1000,2,8,1.3,7,6,5,30,30,1,4
2521943,0,1,1,300,1000,2,8,1.3,7,7,5,30,30,1,4
2523953,0,1,1,300,1000,2,8,1.3,7,6,7,30,30,1,4
2540033,0,1,1,300,1000,3,8,1.3,7,0,13,30,30,1,4
2540033,0,1,1,300,1000,3,8,1.3,10,0,13,30,30,1,4
2540033,0,1,1,300,1000,3,14,1.3,10,0,13,30,30,1,4
2550033,0,1,1,300,1000,3,14,1.3,10,1,13,30,30,1,4
2550033,0,1,1,300,1000,3,14,1.3,10,2,13,30,30,1,4
2550033,0,1,1,300,1000,3,14,1.3,10,3,13,30,30,1,4
2550033,0,1,1,300,1000,3,14,1.3,10,4,13,30,30,1,4
2551043,0,1,1,300,1000,3,14,1.3,10,5,13,30,30,1,4
2551043,0,1,1,300,1000,3,14,1.3,10,6,13,30,30,1,4
2551043,0,1,1,300,1000,3,14,1.3,10,7,13,30,30,1,4
2551043,0,1,1,300,1000,3,14,1.3,10,8,13,30,30,1,4
2552043,0,1,1,300,1000,3,14,1.3,10,9,13,30,30,1,4
2552043,0,1,1,300,1000,3,14,1.3,10,10,13,30,30,1,4
2552043,0,1,1,300,1000,3,14,1.3,10,10,13,30,30,0,4
2552043,0.07269097,1,1,97,572,3,14,1.3,10,10,13,30,30,0,4
2552043,0.07269097,1,1,97,572,3,14,1.3,10,10,13,30,95.63854,0,4
2553053,0.06963383,1,1,96,569,3,14,1.3,10,10,13,30,95.63854,0,4
2553053,0.06963383,1,1,96,569,3,14,1.3,10,10,13,30,95.82197,0,4
2554053,0.05740564,1,1,91,557,3,14,1.3,10,10,13,30,95.82197,0,4
2554053,0.05740564,1,1,91,557,3,14,1.3,10,10,13,30,96.55566,0,4
2555073,0.04008231,1,1,85,540,3,14,1.3,10,10,13,30,96.55566,0,4
2555073,0.04008231,1,1,85,540,3,14,1.3,10,10,13,30,97.59506,0,4
2556063,0.0441584,1,1,86,544,3,14,1.3,10,10,13,30,97.59506,0,4
2556063,0.0441584,1,1,86,544,3,14,1.3,10,10,13,30,97.35049,0,4
2557073,0.0441584,1,1,86,544,3,14,1.3,10,10,14,30,97.35049,0,4
2557073,0.06759603,1,1,95,567,3,14,1.3,10,10,14,30,97.35049,0,4
2557073,0.06759603,1,1,95,567,3,14,1.3,10,10,14,30,95.94424,0,4
2558083,0.06759603,1,1,95,567,3,14,1.3,10,10,15,30,95.94424,0,4
2558083,0.09918584,1,1,107,599,3,14,1.3,10,10,15,30,95.94424,0,4
2558083,0.09918584,1,1,107,599,3,14,1.3,10,10,15,30,94.04885,0,4
2559083,0.133153,1,1,120,633,3,14,1.3,10,10,15,30,94.04885,0,4
2559083,0.133153,1,1,120,633,3,14,1.3,10,10,15,30,92.01082,0,4
2560083,0.133153,1,1,120,633,3,14,1.3,10,9,17,30,92.01082,0,4
2560083,0.133153,1,1,120,633,3,14,1.3,10,10,17,30,92.01082,0,4
2560083,0.1474191,1,1,126,647,3,14,1.3,10,10,17,30,92.01082,0,4
2560083,0.1474191,1,1,126,647,3,14,1.3,10,10,17,30,91.15485,0,4
2561093,0.1599868,1,1,130,659,3,14,1.3,10,9,18,30,91.15485,0,4
2561093,0.1599868,1,1,130,659,3,14,1.3,10,9,18,30,90.40079,0,4
2562093,0.173234,1,1,135,673,3,14,1.3,10,9,18,30,90.40079,0,4
2562093,0.173234,1,1,135,673,3,14,1.3,10,9,18,30,89.60596,0,4
2563103,0.1358701,1,1,121,635,3,14,1.3,10,9,18,30,89.60596,0,4
2563103,0.1358701,1,1,121,635,3,14,1.3,10,9,18,30,91.84779,0,4
2564103,0.09409031,1,1,105,594,3,14,1.3,10,9,18,30,91.84779,0,4
2564103,0.09409031,1,1,105,594,3,14,1.3,10,9,18,30,94.35458,0,4
2565113,0.06725612,1,1,95,567,3,14,1.3,10,8,19,30,94.35458,0,4
2565113,0.06725612,1,1,95,567,3,14,1.3,10,8,19,30,95.96463,0,4
2566123,0.03668544,1,1,83,536,3,14,1.3,10,8,19,30,95.96463,0,4
2566123,0.03668544,1,1,83,536,3,14,1.3,10,8,19,30,97.79887,0,4
2567123,0.03668544,1,1,83,536,3,14,1.3,10,8,19,30,97.79887,0,4
2567123,0.03668544,1,1,83,536,3,14,1.3,10,8,19,30,97.79887,0,4
2568123,0.05095183,1,1,89,550,3,14,1.3,10,7,20,30,97.79887,0,4
2568123,0.05095183,1,1,89,550,3,14,1.3,10,7,20,30,96.94289,0,4
2569133,0.06691659,1,1,95,566,3,14,1.3,10,7,20,30,96.94289,0,4
2569133,0.06691659,1,1,95,566,3,14,1.3,10,7,20,30,95.98501,0,4
2570143,0.09171268,1,1,104,591,3,14,1.3,10,6,21,30,95.98501,0,4
2570143,0.09171268,1,1,104,591,3,14,1.3,10,6,21,30,94.49724,0,4
2571143,0.1019032,1,1,108,601,3,14,1.3,10,6,21,30,94.49724,0,4
2571143,0.1019032,1,1,108,601,3,14,1.3,10,6,21,30,93.88581,0,4
2572153,0.07371041,1,1,98,573,3,14,1.3,10,6,21,30,93.88581,0,4
2572153,0.07371041,1,1,98,573,3,14,1.3,10,6,21,30,95.57738,0,4
2573153,0.04959355,1,1,88,549,3,14,1.3,10,6,21,30,95.57738,0,4
2573153,0.04959355,1,1,88,549,3,14,1.3,10,6,21,30,97.02438,0,4
2574163,0.01528641,1,1,75,515,3,14,1.3,10,5,22,30,97.02438,0,4
2574163,0.01528641,1,1,75,515,3,14,1.3,10,5,22,30,99.08282,0,4
2575173,0,1,1,70,500,3,14,1.3,10,5,22,30,99.08282,0,4
2575173,0,1,1,70,500,3,14,1.3,10,5,22,30,100,0,4
2576163,0,1,1,70,500,3,14,1.3,10,4,23,30,100,0,4
2576163,0,1,1,70,500,3,14,1.3,10,4,23,30,100,0,4
2577173,0,1,1,70,500,3,14,1.3,10,3,24,30,100,0,4
2577173,0,1,1,70,500,3,14,1.3,10,3,24,30,100,0,4
2578173,0,1,1,70,500,3,14,1.3,10,3,24,30,100,0,4
2578173,0,1,1,70,500,3,14,1.3,10,3,24,30,100,0,4
2579183,0,1,1,70,500,3,14,1.3,10,3,24,30,100,0,4
2579183,0,1,1,70,500,3,14,1.3,10,3,24,30,100,0,4
2580183,0,1,1,70,500,3,14,1.3,10,3,24,30,100,0,4
2580183,0,1,1,70,500,3,14,1.3,10,3,24,30,100,0,4
2581193,0.01256888,1,1,74,512,3,14,1.3,10,1,26,30,100,0,4
2581193,0.01256888,1,1,74,512,3,14,1.3,10,1,26,30,99.24586,0,4
2582193,0.03464774,1,1,83,534,3,14,1.3,10,1,26,30,99.24586,0,4
2582193,0.03464774,1,1,83,534,3,14,1.3,10,1,26,30,97.92113,0,4
2583203,0.03464774,1,1,83,534,4,14,1.3,10,0,27,30,97.92113,0,4
2583203,0.03464774,1,1,83,534,4,14,1.3,15,0,27,30,97.92113,0,4
2583203,0.03464774,1,1,83,534,4,30,1.3,15,0,27,30,97.92113,0,4
2583203,0.02989231,1,1,81,529,4,30,1.3,15,0,27,30,97.92113,0,4
2583203,0.02989231,1,1,81,529,4,30,1.3,15,0,27,30,98.20646,0,4
2593203,0.02989231,1,1,81,529,4,30,1.3,15,1,27,30,98.20646,0,4
2593203,0.02989231,1,1,81,529,4,30,1.3,15,2,27,30,98.20646,0,4
2593203,0.02989231,1,1,81,529,4,30,1.3,15,3,27,30,98.20646,0,4
2593203,0.02989231,1,1,81,529,4,30,1.3,15,4,27,30,98.20646,0,4
2593203,0.02989231,1,1,81,529,4,30,1.3,15,5,27,30,98.20646,0,4
2593203,0.02989231,1,1,81,529,4,30,1.3,15,6,27,30,98.20646,0,4
2593203,0.02989231,1,1,81,529,4,30,1.3,15,7,27,30,98.20646,0,4
2593203,0.02989231,1,1,81,529,4,30,1.3,15,8,27,30,98.20646,0,4
2593203,0.02989231,1,1,81,529,4,30,1.3,15,9,27,30,98.20646,0,4
2593203,0,1,1,70,500,4,30,1.3,15,9,27,30,98.20646,0,4
2593203,0,1,1,70,500,4,30,1.3,15,9,27,30,100,0,4
2594223,0,1,1,70,500,4,30,1.3,15,10,27,30,100,0,4
2594223,0,1,1,70,500,4,30,1.3,15,11,27,30,100,0,4
2594223,0,1,1,70,500,4,30,1.3,15,12,27,30,100,0,4
2594223,0,1,1,70,500,4,30,1.3,15,13,27,30,100,0,4
2594223,0,1,1,70,500,4,30,1.3,15,14,27,30,100,0,4
2594223,0,1,1,70,500,4,30,1.3,15,15,27,30,100,0,4
2594223,0,1,1,70,500,4,30,1.3,15,15,27,30,100,0,4
2594223,0,1,1,70,500,4,30,1.3,15,15,27,30,100,0,4
2595223,0,1,1,70,500,4,30,1.3,15,14,29,30,100,0,4
2595223,0,1,1,70,500,4,30,1.3,15,15,29,30,100,0,4
2595223,0,1,1,70,500,4,30,1.3,15,15,29,30,100,0,4
2595223,0,1,1,70,500,4,30,1.3,15,15,29,30,100,0,4
2596223,0,1,1,70,500,4,30,1.3,15,15,30,30,100,0,4
2596223,0,1,1,70,500,4,30,1.3,15,15,30,30,100,0,4
2596223,0,1,1,70,500,4,30,1.3,15,15,30,30,100,0,4
2597223,0,1,1,70,500,4,30,1.3,15,15,31,30,100,0,4
2597223,0.01528621,1,1,75,515,4,30,1.3,15,15,31,30,100,0,4
2597223,0.01528621,1,1,75,515,4,30,1.3,15,15,31,30,99.08282,0,4
2598233,0.02717459,1,1,80,527,4,30,1.3,15,15,31,30,99.08282,0,4
2598233,0.02717459,1,1,80,527,4,30,1.3,15,15,31,30,98.36952,0,4
2599233,0.01188926,1,1,74,511,4,30,1.3,15,15,31,30,98.36952,0,4
2599233,0.01188926,1,1,74,511,4,30,1.3,15,15,31,30,99.28664,0,4
2600243,0.01188926,1,1,74,511,4,30,1.3,15,15,32,30,99.28664,0,4
2600243,0.0006801148,1,1,70,500,4,30,1.3,15,15,32,30,99.28664,0,4
2600243,0.0006801148,1,1,70,500,4,30,1.3,15,15,32,30,99.95919,0,4
2601253,0,1,1,70,500,4,30,1.3,15,15,32,30,99.95919,0,4
2601253,0,1,1,70,500,4,30,1.3,15,15,32,30,100,0,4
2602253,0,1,1,70,500,4,30,1.3,15,15,32,30,100,0,4
2602253,0,1,1,70,500,4,30,1.3,15,15,32,30,100,0,4
2603253,0.0169845,1,1,76,516,4,30,1.3,15,15,32,30,100,0,4
2603253,0.0169845,1,1,76,516,4,30,1.3,15,15,32,30,98.98093,0,4
2604273,0.0169845,1,1,76,516,4,30,1.3,15,15,33,30,98.98093,0,4
2604273,0.03193002,1,1,82,531,4,30,1.3,15,15,33,30,98.98093,0,4
2604273,0.03193002,1,1,82,531,4,30,1.3,15,15,33,30,98.0842,0,4
2605263,0.04449802,1,1,86,544,4,30,1.3,15,15,33,30,98.0842,0,4
2605263,0.04449802,1,1,86,544,4,30,1.3,15,15,33,30,97.33012,0,4
2606273,0.03872374,1,1,84,538,4,30,1.3,15,15,33,30,97.33012,0,4
2606273,0.03872374,1,1,84,538,4,30,1.3,15,15,33,30,97.67657,0,4
2607273,0.02581631,1,1,79,525,4,30,1.3,15,15,33,30,97.67657,0,4
2607273,0.02581631,1,1,79,525,4,30,1.3,15,15,33,30,98.45102,0,4
2608283,0.02581631,1,1,79,525,4,30,1.3,15,15,34,30,98.45102,0,4
2608283,0.04823469,1,1,88,548,4,30,1.3,15,15,34,30,98.45102,0,4
2608283,0.04823469,1,1,88,548,4,30,1.3,15,15,34,30,97.10592,0,4
2609293,0.0461965,1,1,87,546,4,30,1.3,15,15,34,30,97.10592,0,4
2609293,0.0461965,1,1,87,546,4,30,1.3,15,15,34,30,97.22821,0,4
2610293,0.0461965,1,1,87,546,4,30,1.3,15,14,36,30,97.22821,0,4
2610293,0.0461965,1,1,87,546,4,30,1.3,15,15,36,30,97.22821,0,4
2610293,0.03125069,1,1,81,531,4,30,1.3,15,15,36,30,97.22821,0,4
2610293,0.03125069,1,1,81,531,4,30,1.3,15,15,36,30,98.12496,0,4
2611303,0.01120982,1,1,74,511,4,30,1.3,15,15,36,30,98.12496,0,4
2611303,0.01120982,1,1,74,511,4,30,1.3,15,15,36,30,99.32741,0,4
2612323,6.841218E-07,1,1,70,500,4,30,1.3,15,15,36,30,99.32741,0,4
2612323,6.841218E-07,1,1,70,500,4,30,1.3,15,15,36,30,99.99996,0,4
2613303,6.841218E-07,1,1,70,500,4,30,1.3,15,14,38,30,99.99996,0,4
2613303,6.841218E-07,1,1,70,500,4,30,1.3,15,15,38,30,99.99996,0,4
2613303,0.01222907,1,1,74,512,4,30,1.3,15,15,38,30,99.99996,0,4
2613303,0.01222907,1,1,74,512,4,30,1.3,15,15,38,30,99.26626,0,4
2614333,0.02106049,1,1,78,521,4,30,1.3,15,15,38,30,99.26626,0,4
2614333,0.02106049,1,1,78,521,4,30,1.3,15,15,38,30,98.73637,0,4
2615323,0.02106049,1,1,78,521,4,30,1.3,15,15,39,30,98.73637,0,4
2615323,0.02241926,1,1,78,522,4,30,1.3,15,15,39,30,98.73637,0,4
2615323,0.02241926,1,1,78,522,4,30,1.3,15,15,39,30,98.65485,0,4
2616323,0.02377792,1,1,79,523,4,30,1.3,15,15,39,30,98.65485,0,4
2616323,0.02377792,1,1,79,523,4,30,1.3,15,15,39,30,98.57333,0,4
2617323,0.02377792,1,1,79,523,4,30,1.3,15,14,41,30,98.57333,0,4
2617323,0.02377792,1,1,79,523,4,30,1.3,15,15,41,30,98.57333,0,4
2617323,0.02683468,1,1,80,526,4,30,1.3,15,15,41,30,98.57333,0,4
2617323,0.02683468,1,1,80,526,4,30,1.3,15,15,41,30,98.38992,0,4
2618343,0.02683468,1,1,80,526,4,30,1.3,15,15,42,30,98.38992,0,4
2618343,0.02343792,1,1,78,523,4,30,1.3,15,15,42,30,98.38992,0,4
2618343,0.02343792,1,1,78,523,4,30,1.3,15,15,42,30,98.59373,0,4
2619333,0.008492297,1,1,73,508,4,30,1.3,15,14,43,30,98.59373,0,4
2619333,0.008492297,1,1,73,508,4,30,1.3,15,14,43,30,99.49046,0,4
2620353,0,1,1,70,500,4,30,1.3,15,14,43,30,99.49046,0,4
2620353,0,1,1,70,500,4,30,1.3,15,14,43,30,100,0,4
2621343,0,1,1,70,500,4,30,1.3,15,13,44,30,100,0,4
2621343,0,1,1,70,500,4,30,1.3,15,13,44,30,100,0,4
2622353,0,1,1,70,500,4,30,1.3,15,12,45,30,100,0,4
2622353,0,1,1,70,500,4,30,1.3,15,12,45,30,100,0,4
2623383,6.841218E-07,1,1,70,500,4,30,1.3,15,12,45,30,100,0,4
2623383,6.841218E-07,1,1,70,500,4,30,1.3,15,12,45,30,99.99996,0,4
2624373,0.008152777,1,1,73,508,4,30,1.3,15,12,45,30,99.99996,0,4
2624373,0.008152777,1,1,73,508,4,30,1.3,15,12,45,30,99.51083,0,4
2625373,0.01528611,1,1,75,515,4,30,1.3,15,11,46,30,99.51083,0,4
2625373,0.01528611,1,1,75,515,4,30,1.3,15,11,46,30,99.08283,0,4
2626373,0,1,1,70,500,4,30,1.3,15,11,46,30,99.08283,0,4
2626373,0,1,1,70,500,4,30,1.3,15,11,46,30,100,0,4
2627383,0,1,1,70,500,4,30,1.3,15,11,46,30,100,0,4
2627383,0,1,1,70,500,4,30,1.3,15,11,46,30,100,0,4
2628383,0,1,1,70,500,4,30,1.3,15,11,46,30,100,0,4
2628383,0,1,1,70,500,4,30,1.3,15,11,46,30,100,0,4
2629383,0,1,1,70,500,4,30,1.3,15,10,47,30,100,0,4
2629383,0,1,1,70,500,4,30,1.3,15,10,47,30,100,0,4
2630393,0,1,1,70,500,4,30,1.3,15,10,47,30,100,0,4
2630393,0,1,1,70,500,4,30,1.3,15,10,47,30,100,0,4
2631393,0,1,1,70,500,4,30,1.3,15,10,47,30,100,0,4
2631393,0,1,1,70,500,4,30,1.3,15,10,47,30,100,0,4
2632403,0,1,1,70,500,4,30,1.3,15,9,48,30,100,0,4
2632403,0,1,1,70,500,4,30,1.3,15,9,48,30,100,0,4
2633403,0,1,1,70,500,4,30,1.3,15,9,48,30,100,0,4
2633403,0,1,1,70,500,4,30,1.3,15,9,48,30,100,0,4
2634413,0.0003405949,1,1,70,500,4,30,1.3,15,8,49,30,100,0,4
2634413,0.0003405949,1,1,70,500,4,30,1.3,15,8,49,30,99.97956,0,4
2635423,0.01222897,1,1,74,512,4,30,1.3,15,7,50,30,99.97956,0,4
2635423,0.01222897,1,1,74,512,4,30,1.3,15,7,50,30,99.26626,0,4
2636433,0.01562564,1,1,75,515,4,30,1.3,15,5,52,30,99.26626,0,4
2636433,0.01562564,1,1,75,515,4,30,1.3,15,5,52,30,99.06246,0,4
2637433,0.00135935,1,1,70,501,4,30,1.3,15,5,52,30,99.06246,0,4
2637433,0.00135935,1,1,70,501,4,30,1.3,15,5,52,30,99.91844,0,4
2638433,0,1,1,70,500,4,30,1.3,15,5,52,30,99.91844,0,4
2638433,0,1,1,70,500,4,30,1.3,15,5,52,30,100,0,4
2639433,0,1,1,70,500,4,30,1.3,15,4,53,30,100,0,4
2639433,0,1,1,70,500,4,30,1.3,15,4,53,30,100,0,4
2640443,0,1,1,70,500,4,30,1.3,15,3,54,30,100,0,4
2640443,0,1,1,70,500,4,30,1.3,15,3,54,30,100,0,4
2641443,0,1,1,70,500,4,30,1.3,15,3,54,30,100,0,4
2641443,0,1,1,70,500,4,30,1.3,15,3,54,30,100,0,4
2642453,0,1,1,70,500,4,30,1.3,15,3,54,30,100,0,4
2642453,0,1,1,70,500,4,30,1.3,15,3,54,30,100,0,4
2643453,0,1,1,70,500,4,30,1.3,15,3,54,30,100,0,4
2643453,0,1,1,70,500,4,30,1.3,15,3,54,30,100,0,4
2644463,0,1,1,70,500,4,30,1.3,15,3,54,30,100,0,4
2644463,0,1,1,70,500,4,30,1.3,15,3,54,30,100,0,4
2645473,0,1,1,70,500,4,30,1.3,15,2,55,30,100,0,4
2645473,0,1,1,70,500,4,30,1.3,15,2,55,30,100,0,4
2646473,0,1,1,70,500,4,30,1.3,15,2,55,30,100,0,4
2646473,0,1,1,70,500,4,30,1.3,15,2,55,30,100,0,4
2647483,0,1,1,70,500,4,30,1.3,15,2,55,30,100,0,4
2647483,0,1,1,70,500,4,30,1.3,15,2,55,30,100,0,4
2648483,0,1,1,70,500,4,30,1.3,15,2,55,30,100,0,4
2648483,0,1,1,70,500,4,30,1.3,15,2,55,30,100,0,4
2649483,0,1,1,70,500,4,30,1.3,15,2,55,30,100,0,4
2649483,0,1,1,70,500,4,30,1.3,15,2,55,30,100,0,4
2650493,0,1,1,70,500,4,30,1.3,15,2,55,30,100,0,4
2650493,0,1,1,70,500,4,30,1.3,15,2,55,30,100,0,4
2651493,0,1,1,70,500,4,30,1.3,15,2,55,30,100,0,4
2651493,0,1,1,70,500,4,30,1.3,15,2,55,30,100,0,4
2652503,0,1,1,70,500,4,30,1.3,15,1,56,30,100,0,4
2652503,0,1,1,70,500,4,30,1.3,15,1,56,30,100,0,4
2653523,0,1,1,70,500,4,30,1.3,15,1,56,30,100,0,4
2653523,0,1,1,70,500,4,30,1.3,15,1,56,30,100,0,4
2654513,0,1,1,70,500,4,30,1.3,15,1,56,30,100,0,4
2654513,0,1,1,70,500,4,30,1.3,15,1,56,30,100,0,4
2655513,0,1,1,70,500,4,30,1.3,15,1,56,30,100,0,4
2655513,0,1,1,70,500,4,30,1.3,15,1,56,30,100,0,4
2656523,0,1,1,70,500,4,30,1.3,15,1,56,30,100,0,4
2656523,0,1,1,70,500,4,30,1.3,15,1,56,30,100,0,4
2657523,0,1,1,70,500,5,30,1.3,15,0,57,30,100,0,4
2657523,0,1,1,70,500,5,30,1.3,22,0,57,30,100,0,4
2657523,0,1,1,70,500,5,83,1.3,22,0,57,30,100,0,4
2657523,0,1,1,70,500,5,83,1.3,22,0,57,30,100,0,4
2657523,0,1,1,70,500,5,83,1.3,22,0,57,30,100,0,4
2667523,0,1,1,70,500,5,83,1.3,22,1,57,30,100,0,4
2667523,0,1,1,70,500,5,83,1.3,22,2,57,30,100,0,4
2667523,0,1,1,70,500,5,83,1.3,22,3,57,30,100,0,4
2667523,0,1,1,70,500,5,83,1.3,22,4,57,30,100,0,4
2667523,0,1,1,70,500,5,83,1.3,22,5,57,30,100,0,4
2667523,0,1,1,70,500,5,83,1.3,22,6,57,30,100,0,4
2667523,0,1,1,70,500,5,83,1.3,22,7,57,30,100,0,4
2667523,0,1,1,70,500,5,83,1.3,22,8,57,30,100,0,4
2667523,0,1,1,70,500,5,83,1.3,22,9,57,30,100,0,4
2667533,0,1,1,70,500,5,83,1.3,22,10,57,30,100,0,4
2667533,0,1,1,70,500,5,83,1.3,22,11,57,30,100,0,4
2667533,0,1,1,70,500,5,83,1.3,22,12,57,30,100,0,4
2667533,0,1,1,70,500,5,83,1.3,22,13,57,30,100,0,4
2667533,0,1,1,70,500,5,83,1.3,22,14,57,30,100,0,4
2667533,0,1,1,70,500,5,83,1.3,22,15,57,30,100,0,4
2667533,0,1,1,70,500,5,83,1.3,22,16,57,30,100,0,4
2667533,0,1,1,70,500,5,83,1.3,22,17,57,30,100,0,4
2667533,0,1,1,70,500,5,83,1.3,22,18,57,30,100,0,4
2667533,0,1,1,70,500,5,83,1.3,22,19,57,30,100,0,4
2667533,0,1,1,70,500,5,83,1.3,22,20,57,30,100,0,4
2667533,0,1,1,70,500,5,83,1.3,22,21,57,30,100,0,4
2667533,0,1,1,70,500,5,83,1.3,22,22,57,30,100,0,4
2667533,0,1,1,70,500,5,83,1.3,22,22,57,30,100,0,4
2667533,0,1,1,70,500,5,83,1.3,22,22,57,30,100,0,4
2668533,0,1,1,70,500,5,83,1.3,22,22,57,30,100,0,4
2668533,0,1,1,70,500,5,83,1.3,22,22,57,30,100,0,4
2669543,0,1,1,70,500,5,83,1.3,22,22,57,30,100,0,4
2669543,0,1,1,70,500,5,83,1.3,22,22,57,30,100,0,4
2670543,0,1,1,70,500,5,83,1.3,22,22,57,30,100,0,4
2670543,0,1,1,70,500,5,83,1.3,22,22,57,30,100,0,4
2671553,0,1,1,70,500,5,83,1.3,22,22,58,30,100,0,4
2671553,0,1,1,70,500,5,83,1.3,22,22,58,30,100,0,4
2671553,0,1,1,70,500,5,83,1.3,22,22,58,30,100,0,4
2672563,0,1,1,70,500,5,83,1.3,22,22,58,30,100,0,4
2672563,0,1,1,70,500,5,83,1.3,22,22,58,30,100,0,4
2673573,0,1,1,70,500,5,83,1.3,22,22,58,30,100,0,4
2673573,0,1,1,70,500,5,83,1.3,22,22,58,30,100,0,4
2674563,0,1,1,70,500,5,83,1.3,22,22,58,30,100,0,4
2674563,0,1,1,70,500,5,83,1.3,22,22,58,30,100,0,4
2675583,0,1,1,70,500,5,83,1.3,22,22,58,30,100,0,4
2675583,0,1,1,70,500,5,83,1.3,22,22,58,30,100,0,4
2676583,0,1,1,70,500,5,83,1.3,22,22,58,30,100,0,4
2676583,0,1,1,70,500,5,83,1.3,22,22,58,30,100,0,4
2677583,0,1,1,70,500,5,83,1.3,22,22,59,30,100,0,4
2677583,0,1,1,70,500,5,83,1.3,22,22,59,30,100,0,4
2677583,0,1,1,70,500,5,83,1.3,22,22,59,30,100,0,4
2678593,0,1,1,70,500,5,83,1.3,22,22,60,30,100,0,4
2678593,0,1,1,70,500,5,83,1.3,22,22,60,30,100,0,4
2678593,0,1,1,70,500,5,83,1.3,22,22,60,30,100,0,4
2679593,0,1,1,70,500,5,83,1.3,22,22,61,30,100,0,4
2679593,0,1,1,70,500,5,83,1.3,22,22,61,30,100,0,4
2679593,0,1,1,70,500,5,83,1.3,22,22,61,30,100,0,4
2680603,0,1,1,70,500,5,83,1.3,22,22,61,30,100,0,4
2680603,0,1,1,70,500,5,83,1.3,22,22,61,30,100,0,4
2681623,0,1,1,70,500,5,83,1.3,22,22,62,30,100,0,4
2681623,0,1,1,70,500,5,83,1.3,22,22,62,30,100,0,4
2681623,0,1,1,70,500,5,83,1.3,22,22,62,30,100,0,4
2682623,0,1,1,70,500,5,83,1.3,22,22,62,30,100,0,4
2682623,0,1,1,70,500,5,83,1.3,22,22,62,30,100,0,4
2683613,0,1,1,70,500,5,83,1.3,22,22,62,30,100,0,4
2683613,0,1,1,70,500,5,83,1.3,22,22,62,30,100,0,4
2684623,0,1,1,70,500,5,83,1.3,22,22,62,30,100,0,4
2684623,0,1,1,70,500,5,83,1.3,22,22,62,30,100,0,4
2685623,0,1,1,70,500,5,83,1.3,22,22,63,30,100,0,4
2685623,0,1,1,70,500,5,83,1.3,22,22,63,30,100,0,4
2685623,0,1,1,70,500,5,83,1.3,22,22,63,30,100,0,4
2686633,0,1,1,70,500,5,83,1.3,22,22,64,30,100,0,4
2686633,0,1,1,70,500,5,83,1.3,22,22,64,30,100,0,4
2686633,0,1,1,70,500,5,83,1.3,22,22,64,30,100,0,4
2687633,0,1,1,70,500,5,83,1.3,22,22,65,30,100,0,4
2687633,0,1,1,70,500,5,83,1.3,22,22,65,30,100,0,4
2687633,0,1,1,70,500,5,83,1.3,22,22,65,30,100,0,4
2688643,0,1,1,70,500,5,83,1.3,22,22,65,30,100,0,4
2688643,0,1,1,70,500,5,83,1.3,22,22,65,30,100,0,4
2689643,0,1,1,70,500,5,83,1.3,22,22,66,30,100,0,4
2689643,0,1,1,70,500,5,83,1.3,22,22,66,30,100,0,4
2689643,0,1,1,70,500,5,83,1.3,22,22,66,30,100,0,4
2690653,0,1,1,70,500,5,83,1.3,22,22,67,30,100,0,4
2690653,0,1,1,70,500,5,83,1.3,22,22,67,30,100,0,4
2690653,0,1,1,70,500,5,83,1.3,22,22,67,30,100,0,4
2691653,0,1,1,70,500,5,83,1.3,22,22,68,30,100,0,4
2691653,0,1,1,70,500,5,83,1.3,22,22,68,30,100,0,4
2691653,0,1,1,70,500,5,83,1.3,22,22,68,30,100,0,4
2692653,0,1,1,70,500,5,83,1.3,22,22,68,30,100,0,4
2692653,0,1,1,70,500,5,83,1.3,22,22,68,30,100,0,4
2693663,0,1,1,70,500,5,83,1.3,22,22,69,30,100,0,4
2693663,0,1,1,70,500,5,83,1.3,22,22,69,30,100,0,4
2693663,0,1,1,70,500,5,83,1.3,22,22,69,30,100,0,4
2694673,0,1,1,70,500,5,83,1.3,22,22,69,30,100,0,4
2694673,0,1,1,70,500,5,83,1.3,22,22,69,30,100,0,4
2695673,0,1,1,70,500,5,83,1.3,22,22,69,30,100,0,4
2695673,0,1,1,70,500,5,83,1.3,22,22,69,30,100,0,4
2696673,0,1,1,70,500,5,83,1.3,22,22,69,30,100,0,4
2696673,0,1,1,70,500,5,83,1.3,22,22,69,30,100,0,4
2697683,0,1,1,70,500,5,83,1.3,22,22,69,30,100,0,4
2697683,0,1,1,70,500,5,83,1.3,22,22,69,30,100,0,4
