time,raw,transformed
9383,550.419264674264,100
9820,109.882248579972,100
10150,78.2228740795062,100
10699,68.2563523734191,100
11135,60.9098407461455,100
11567,69.1200691200691,95.1688853277867
11898,78.6321285962936,81.3290675302981
12334,78.2220773665234,70.8851336775302
12550,92.020129403307,64.6784701304861
12771,137.292407801355,65.3721740926069
12990,136.356373062514,65.8333824776556
13317,109.885392969052,63.4603290387939
13643,91.8792171125042,59.7209976812428
13972,91.5975907925338,56.4907113104874
14734,54.9914791848659,50.6406204885271
15173,49.9551184482691,45.1283253367652
15826,54.9423034274554,40.6312402748566
16050,68.4113947729419,37.5691848965966
16481,91.5975907925338,36.3548587699688
17357,45.9041869639282,32.4061275167159
17683,49.9557683301244,29.0746314641416
17904,109.883820752017,29.4510016675907
18120,137.28995352163,31.2841077647405
18453,109.283396892253,31.5057801960145
19212,54.9423034274554,28.9926641595467
19544,54.9922667124936,26.6752668222802
19758,109.882248579972,27.0707314112685
20194,92.301035982982,26.6530729672492
20418,90.9026347560543,26.2039426388981
20854,90.9047867051749,25.7848439969838
21616,50.0808597214252,23.7466578890741
22817,30.5637580687525,21.0734716296012
23362,34.3622623612422,18.706179396933
24125,45.8690939062192,16.9011849259284
24455,54.8920385101958,15.5215810176945
24671,109.882248579972,16.1280040651187
25003,109.482807777841,16.6881528666642
25329,91.1810799259154,16.616789630894
25873,68.9611823969398,15.8369098453883
26204,68.5665309620741,15.0836911918184
26746,68.7248322147651,14.3720411692974
27185,61.1586701174597,13.4690958473338
27731,60.9103238240263,12.6009286132105
28168,61.0342443436037,11.775743995399
28384,91.8781179341779,11.8440085158951
28714,109.883820752017,12.3985904164196
29585,49.9557683301244,11.3357419057012
30131,42.3406437100989,10.1188682126163
31442,32.3081388745157,8.69573158772909
32429,26.1081516584455,7.17452074743564
33082,36.5834488474785,5.96971271433588
33628,50.0387670135066,5.13468859996181
34502,42.2509641251905,4.14750023310383
34826,50.0808597214252,3.37812198159785
35050,109.68294772922,3.99131403032381
35593,78.3241887123422,3.88263406353996
36250,49.99739596896,3.15656583367433
36687,54.8414738646101,2.55993266983102
36907,91.3187714771525,2.75634846095999
37341,91.7387357255483,2.95496631422624
37557,92.3021453037678,3.15861738497189
38979,36.6279402506725,2.23323525478428
39307,34.2837246052684,1.29071811989224
39850,68.882012646307,1.05340245876711
40398,54.9922667124936,0.556278319257117
41057,49.7074509397815,0
41818,42.2511965670903,0
42034,61.4085588178852,0
42362,110.28778218163,0
42580,109.882248579972,0.0439948158522974
42910,109.482807777841,0.562438687774112
43563,61.0347293968052,0.22536886913846
43893,61.0337592981118,0
45531,30.4859895442583,0
46293,24.998616613013,0
47278,34.3425942073702,0
48152,32.273518065606,0
48477,50.0390930414386,0
48807,91.5975907925338,0
49242,78.4273678835844,0
50008,49.9557683301244,0
50338,54.7410137066366,0
51316,45.8688199529367,0
51648,45.7987953962669,0
52300,60.9722211195707,0
52629,61.2210734413736,0
52958,91.3187714771525,0
53391,78.73612122082,0
53613,91.5975907925338,0
54049,91.1810799259154,0
54483,68.9611823969398,0
54813,78.5292132763451,0
55139,91.4579686327748,0
55469,91.4579686327748,0
55685,109.885392969052,0
56121,92.0179243248424,0
56560,68.5671431249833,0
56776,91.5997757713822,0
57107,109.684514203288,0
57543,78.2212806697697,0
58635,39.2648073826018,0
59181,36.6279402506725,0
59620,60.9098407461455,0
60273,54.9423034274554,0
60600,61.2205854218481,0
62127,32.360550466447,0
62346,34.3624161073826,0
62673,109.883820752017,0
63112,78.3241887123422,0
63874,49.9557683301244,0
64641,39.2391287687191,0
65078,49.8309769596616,0
65840,50.0390930414386,0
66279,49.9551184482691,0
66825,60.9098407461455,0
67478,50.0390930414386,0
68024,50.0387670135066,0
68242,78.5292132763451,0
68463,136.666963252958,0
68679,137.28995352163,0
69115,92.020129403307,0
69661,61.0963938808143,0
69992,68.4894857937824,0
70538,68.4894857937824,0
71195,49.872396797257,0
71740,49.9138855490202,0
72283,55.1438910908151,0
72615,68.5677552988233,0
73047,78.5292132763451,0
73484,69.0405343449689,0
73815,78.1210265591146,0
74030,109.885392969052,0
74469,91.7376399058734,0
74907,68.4107853878838,0
75564,54.7910022900927,0
75777,68.9624208683159,0
75998,138.241382413824,0
76214,137.28995352163,0
76544,109.883820752017,0
76981,78.2228740795062,0
77745,49.9557683301244,0
78621,36.5829260624768,0
79055,45.7987953962669,0
79710,55.0932568149211,0
80036,61.1581830923106,0
80363,91.8803163171306,0
81021,60.9108069095697,0
81347,60.9712530068831,0
81897,68.4888750167209,0
82438,54.992660484766,0
82659,78.73612122082,0
82989,108.886746441332,0
83421,78.7353140185766,0
83642,91.8781179341779,0
84188,78.2228740795062,0
84627,60.9103238240263,0
85060,68.8030244662838,0
85280,91.8781179341779,0
85496,137.604816168566,0
85826,109.885392969052,0
86042,109.885392969052,0
87027,49.9551184482691,0
87466,42.161895089347,0
87790,78.7353140185766,0
88010,110.28778218163,0
88226,137.609747357104,0
88772,78.7353140185766,0
89866,36.5832745841511,0
90194,42.191774801402,0
90411,110.085430881257,0
90740,109.885392969052,0
90958,109.681381299896,0
91180,136.356373062514,0
91832,68.6462039006775,0
92378,50.0802065808521,0
93033,49.9557683301244,0
93686,45.8690939062192,0
94341,45.8688199529367,0
94565,68.2551391320577,0
94778,137.292407801355,0
95108,110.49087874777,0
95870,54.9415173301856,0
96528,42.2511965670903,0
96853,61.0347293968052,0
97072,110.289365979752,0
97945,54.9419103760087,0
98930,32.2907513065561,0
99261,45.5899986940365,0
99804,68.6462039006775,0
100022,78.8395799328632,0
101221,42.3406437100989,0
101876,32.360550466447,0
102204,61.0337592981118,0
102534,91.1810799259154,0
102752,109.482807777841,0
103189,91.5975907925338,0
103732,61.2210734413736,0
104496,45.9039125912998,0
104826,54.8418654803305,0
105373,68.4888750167209,0
106029,49.9135611506116,0
106355,61.0963938808143,0
107012,61.0342443436037,0
107882,39.2903186199276,0
108212,49.99739596896,0
109412,39.2134837197666,0
109741,39.2391287687191,0
110396,60.9727051874434,0
110724,61.0337592981118,0
111049,91.877018782151,0
111488,78.5292132763451,0
112689,36.5834488474785,0
113233,34.381953056099,0
114434,34.381953056099,0
114655,42.191774801402,0
115636,49.9135611506116,0
116293,36.6279402506725,0
116948,45.7295288905826,0
117601,45.8690939062192,0
117928,61.2210734413736,0
118477,68.4894857937824,0
118914,60.8480699752805,0
120005,39.2648073826018,0
120440,39.3160642981468,0
120770,78.4265669995711,0
121205,78.4273678835844,0
121532,78.7353140185766,0
121753,109.482807777841,0
122406,68.7248322147651,0
122625,68.8832482756765,0
123283,68.410176013682,0
123501,68.4882642505529,0
124046,78.633738788549,0
124375,68.6462039006775,0
124811,78.4273678835844,0
125575,49.99739596896,0
125901,55.0427154406284,0
126337,78.7353140185766,0
126557,91.4579686327748,0
127214,68.4113947729419,0
128413,32.3255451778957,0
128742,39.2648073826018,0
129613,49.99739596896,0
130489,34.3425942073702,0
131035,42.191774801402,0
131688,50.0384409898229,0
132020,60.9098407461455,0
132455,78.2228740795062,0
133220,49.9970704841513,0
133770,45.6249368795632,0
134527,45.9041869639282,0
135294,39.3676570092883,0
135731,49.8309769596616,0
136166,68.8042572634182,0
136602,68.8826304554505,0
137041,68.5665309620741,0
137257,91.5964983421988,0
137478,137.29486216883,0
137803,109.886965231077,0
138133,91.5975907925338,0
138349,109.882248579972,0
138786,91.877018782151,0
139552,49.872396797257,0
139878,54.992660484766,0
140102,109.283396892253,0
140534,91.4579686327748,0
140971,69.0411550009889,0
141740,49.7483433413008,0
142064,54.8916461775973,0
142608,69.1206912069121,0
143264,49.9970704841513,0
143812,49.8309769596616,0
144030,78.3233899342206,0
144355,110.4892891568,0
144685,91.5997757713822,0
145122,78.2228740795062,0
145884,50.0384409898229,0
146214,54.9423034274554,0
146430,109.885392969052,0
146651,137.28995352163,0
146976,109.883820752017,0
147195,110.289365979752,0
147522,109.882248579972,0
147962,78.2212806697697,0
148177,91.5997757713822,0
148507,110.087008872898,0
149162,60.9098407461455,0
149599,54.9415173301856,0
150036,68.6455903252621,0
150252,91.8792171125042,0
151344,45.8690939062192,0
152545,26.1650784782009,0
153203,32.273518065606,0
153528,61.0342443436037,0
153858,91.5975907925338,0
154950,42.191774801402,0
155714,32.325817300205,0
156042,54.9415173301856,0
156372,91.3187714771525,0
157243,49.9557683301244,0
158443,28.9698720874528,0
158665,42.2212326620817,0
159425,61.0959078470057,0
159756,54.992660484766,0
160518,54.8920385101958,0
160956,49.9967450035805,0
161722,49.8309769596616,0
162046,55.0427154406284,0
162701,61.2831152250239,0
163247,49.9557683301244,0
163685,60.9722211195707,0
164339,54.9415173301856,0
164560,68.5683674835945,0
165217,68.3340896351066,0
165431,68.882012646307,0
165652,137.921126355865,0
166632,49.9551184482691,0
166963,45.764135933785,0
167290,91.1810799259154,0
167945,61.0959078470057,0
168925,36.6953189578147,0
169472,39.290519627354,0
169908,61.0332742603292,0
170345,68.7248322147651,0
170675,78.2228740795062,0
170891,109.883820752017,0
171110,137.926080241371,0
171765,68.6455903252621,0
171983,68.7242172329554,0
172967,49.9138855490202,0
173298,45.6243947935912,0
173515,109.482807777841,0
174276,61.346752935538,0
174713,50.0805331490091,0
175481,49.8309769596616,0
176461,34.3427477775592,0
176897,42.3705436449702,0
177227,78.3249875067566,0
177989,54.9415173301856,0
178429,49.9135611506116,0
178866,68.4120041688565,0
179190,78.8395799328632,0
179524,91.1789148759349,0
179957,78.2220773665234,0
180175,92.1603686414746,0
180392,137.923603254135,0
180939,78.5300162581674,0
181266,68.6462039006775,0
182030,54.9922667124936,0
182468,49.9135611506116,0
182796,78.3249875067566,0
183449,61.1586701174597,0
183886,55.0427154406284,0
184541,54.9423034274554,0
185087,49.9551184482691,0
185310,78.0186513338345,0
186179,54.9423034274554,0
186509,50.0387670135066,0
186725,109.883820752017,0
187380,68.882012646307,0
188036,45.7635905350407,0
188363,61.0347293968052,0
189130,54.8422571016438,0
189894,39.1878721699774,0
190437,45.9039125912998,0
190877,61.0342443436037,0
191093,91.4579686327748,0
191425,109.482807777841,0
191859,78.3233899342206,0
192185,78.9416879953128,0
192844,60.9727051874434,0
193392,49.7486655956885,0
193936,54.9419103760087,0
195352,30.6104147153192,0
195791,32.3431064543027,0
196228,68.4894857937824,0
196444,91.8792171125042,0
196776,109.68294772922,0
197645,49.9551184482691,0
198191,42.3705436449702,0
198412,78.2228740795062,0
199067,68.4888750167209,0
199283,68.882012646307,0
199721,91.7387357255483,0
200050,78.2228740795062,0
200376,91.5975907925338,0
200812,78.7353140185766,0
201142,78.3249875067566,0
201581,78.0194439082865,0
202013,68.882012646307,0
202343,78.7353140185766,0
202996,61.0342443436037,0
203876,39.1369487448658,0
204743,34.3424406385548,0
205180,46.0095134254322,0
205510,78.2228740795062,0
205726,109.882248579972,0
205949,136.664531283365,0
206167,136.047191369506,0
206381,138.881354093202,0
207584,42.3408771397855,0
207910,39.2391287687191,0
208567,61.0332742603292,0
208895,60.9108069095697,0
209111,110.289365979752,0
210314,42.3103197514269,0
210750,36.6279402506725,0
211296,61.0963938808143,0
211627,68.4107853878838,0
211842,109.883820752017,0
212173,109.885392969052,0
212388,109.885392969052,0
213480,45.9036382219513,0
213916,39.2648073826018,0
214246,78.3249875067566,0
214571,91.5975907925338,0
215338,54.9419103760087,0
215775,49.8309769596616,0
216100,78.7353140185766,0
216323,109.48124705983,0
216539,136.666963252958,0
216871,109.482807777841,0
217301,78.73612122082,0
217523,92.020129403307,0
217847,109.883820752017,0
218180,91.3198573127229,0
218830,61.0342443436037,0
219706,39.3160642981468,0
220252,42.191774801402,0
220798,54.9419103760087,0
221127,68.5665309620741,0
221675,68.4107853878838,0
221997,68.9624208683159,0
222327,92.020129403307,0
222875,68.3328736286713,0
223089,78.7353140185766,0
223965,55.0427154406284,0
224182,54.8920385101958,0
224511,109.883820752017,0
225057,68.5677552988233,0
225275,78.5292132763451,0
225494,137.28995352163,0
225932,91.3187714771525,0
226148,91.7376399058734,0
226694,78.7369284396145,0
227567,42.3107859448858,0
228227,39.1874722549635,0
229426,32.273518065606,0
229641,42.4004858389002,0
230296,68.9611823969398,0
231280,36.6055937923014,0
231718,42.191774801402,0
232046,78.3249875067566,0
232917,50.0387670135066,0
233463,42.3404102829861,0
233685,78.2228740795062,0
234234,77.8178575771086,0
234885,49.9554433870831,0
235540,45.9387841774386,0
235870,60.9103238240263,0
236523,61.0342443436037,0
237285,42.4004858389002,0
238052,39.2389282867712,0
238270,60.9098407461455,0
239035,61.0347293968052,0
239253,61.0347293968052,0
239469,138.241382413824,0
239908,91.5964983421988,0
240235,78.3249875067566,0
241216,45.8690939062192,0
241546,45.7638632327879,0
242530,45.6591142845252,0
243184,36.6279402506725,0
243400,68.9624208683159,0
244058,68.6455903252621,0
244384,60.9717370593839,0
244713,91.5975907925338,0
245260,68.5677552988233,0
246132,42.3105528468722,0
246567,45.9041869639282,0
247113,61.1586701174597,0
247553,60.8480699752805,0
247769,91.4579686327748,0
248099,109.885392969052,0
248861,54.9423034274554,0
249191,54.9415173301856,0
249406,110.083852934853,0
250282,54.9922667124936,0
250719,45.6944303963159,0
251590,45.8690939062192,0
252140,42.2212326620817,0
252573,61.0337592981118,0
253237,54.691505725517,0
253556,61.0342443436037,0
253995,79.151593853384,0
254432,68.4900965817378,0
254648,91.8792171125042,0
254871,136.664531283365,0
255194,109.882248579972,0
255417,109.883820752017,0
256725,39.1880721305453,0
257815,25.0194650134708,0
258363,36.6279402506725,0
258909,54.8410822544826,0
260001,36.6279402506725,0
260438,39.2391287687191,0
260763,78.7353140185766,0
261090,92.020129403307,0
261529,78.3241887123422,0
261745,91.5975907925338,0
262402,68.8036408593288,0
263280,39.1110386832617,0
264154,34.244590201945,0
264589,45.8340544637475,0
265022,69.1206912069121,0
265789,49.9967450035805,0
266007,60.9098407461455,0
266990,49.99739596896,0
267752,34.381953056099,0
268191,49.9138855490202,0
268407,91.5975907925338,0
268739,109.48124705983,0
268953,109.885392969052,0
269499,78.9441223633897,0
269939,60.8480699752805,0
270483,60.9722211195707,0
270921,61.0963938808143,0
271249,78.3249875067566,0
271904,61.0347293968052,0
272559,45.7985222820545,0
272996,54.9411242899861,0
273984,42.1027240681757,0
274197,49.9560932773929,0
274525,110.899324207243,0
275073,68.4882642505529,0
276382,32.3084107038438,0
276818,34.3822609022657,0
277473,54.992660484766,0
277691,68.7236022621519,0
278126,91.877018782151,0
278456,78.4265669995711,0
279111,60.9108069095697,0
279441,60.9108069095697,0
279765,91.877018782151,0
280204,78.7353140185766,0
280420,91.5975907925338,0
280857,91.8792171125042,0
281185,78.4273678835844,0
281626,78.0186513338345,0
281843,91.179997388073,0
282058,138.878842676311,0
282931,55.1438910908151,0
283587,39.2391287687191,0
283916,60.9108069095697,0
284569,61.0963938808143,0
284901,60.9098407461455,0
285115,109.883820752017,0
286100,50.0387670135066,0
286537,42.1915430128497,0
286753,91.8781179341779,0
287194,91.4579686327748,0
287408,91.598683268928,0
287954,78.840389274422,0
289594,27.4583833876781,0
290140,27.4458230887987,0
291121,39.2648073826018,0
291451,45.7638632327879,0
291667,109.882248579972,0
291997,109.882248579972,0
292322,91.5975907925338,0
293089,54.9423034274554,0
293960,36.6279402506725,0
294295,49.7483433413008,0
295273,45.6941585254114,0
295494,50.0390930414386,0
295819,109.886965231077,0
296581,55.1942218548996,0
297350,39.2134837197666,0
297673,54.992660484766,0
298113,78.6321285962936,0
298329,91.4579686327748,0
298659,109.882248579972,0
299311,61.0963938808143,0
299532,68.7248322147651,0
300188,68.4107853878838,0
300845,45.6941585254114,0
301168,61.2205854218481,0
301932,55.1946185246938,0
302264,54.7414038889206,0
302478,109.885392969052,0
302696,138.881354093202,0
303243,78.4265669995711,0
303571,68.5677552988233,0
304225,61.0959078470057,0
304771,49.99739596896,0
305426,49.9557683301244,0
305756,60.9098407461455,0
306518,54.9419103760087,0
306740,60.9722211195707,0
307397,68.2557457473471,0
307940,49.9967450035805,0
308488,54.9914791848659,0
309032,54.9423034274554,0
309358,68.9624208683159,0
310015,61.0342443436037,0
310453,54.7913931853205,0
310777,78.7353140185766,0
311107,91.7365441123773,0
311762,60.9108069095697,0
312308,49.9557683301244,0
312638,68.4888750167209,0
313838,39.2134837197666,0
314276,36.6279402506725,0
314493,91.5975907925338,0
314820,110.49087874777,0
315258,78.5292132763451,0
316458,36.6279402506725,0
316674,42.3707774044589,0
317441,61.0337592981118,0
317659,60.9098407461455,0
317991,109.08471109596,0
318312,91.8792171125042,0
318751,78.943310890682,0
318967,91.5975907925338,0
319404,91.8781179341779,0
319732,78.4265669995711,0
320499,54.7917840861258,0
320719,60.7869054874429,0
322464,30.5325302641779,0
322790,28.9698720874528,0
323335,68.882012646307,0
323998,49.6659833282676,0
324318,61.0342443436037,0
324649,92.301035982982,0
325410,54.9423034274554,0
325633,60.9108069095697,0
326286,68.4882642505529,0
326942,45.8335073972178,0
327270,60.9727051874434,0
328142,49.99739596896,0
329016,34.3622623612422,0
330217,28.9139208481417,0
330652,36.6727151179448,0
331416,50.0390930414386,0
331640,60.7249035359605,0
332402,60.9108069095697,0
332618,61.4095408677296,0
332950,109.681381299896,0
333930,45.7289843163874,0
334802,32.3781498079655,0
335350,42.2511965670903,0
335678,68.4894857937824,0
335895,110.083852934853,0
336330,92.0179243248424,0
336551,91.4579686327748,0
336985,91.5975907925338,0
337422,68.8832482756765,0
337752,78.2228740795062,0
338077,91.5975907925338,0
338735,61.0342443436037,0
338953,68.4882642505529,0
339283,109.482807777841,0
339829,68.4900965817378,0
340152,69.0405343449689,0
341028,50.0387670135066,0
341353,49.9557683301244,0
341791,78.6321285962936,0
342011,91.179997388073,0
342445,91.7376399058734,0
342666,91.5975907925338,0
342882,137.29486216883,0
343212,109.883820752017,0
343867,60.9098407461455,0
344083,68.882012646307,0
344304,137.292407801355,0
344741,91.1810799259154,0
345400,54.7414038889206,0
345721,61.2205854218481,0
346379,61.2836042419745,0
347034,45.6944303963159,0
347250,68.882012646307,0
347687,91.8792171125042,0
348016,78.3249875067566,0
348232,110.083852934853,0
348778,78.734506832884,0
349652,42.2509641251905,0
349871,54.9423034274554,0
350201,109.482807777841,0
350752,68.1008033766648,0
351073,68.8036408593288,0
351731,61.2831152250239,0
351951,68.3334816264792,0
352710,61.2840932667294,0
353152,49.9554433870831,0
353477,78.2212806697697,0
354132,61.2205854218481,0
354896,42.281203032355,0
355442,45.799341634464,0
356101,49.7893030794165,0
356532,55.0427154406284,0
356753,92.020129403307,0
356969,137.28995352163,0
357301,109.482807777841,0
357846,68.4120041688565,0
358170,69.0411550009889,0
358716,68.9611823969398,0
359046,68.4888750167209,0
359373,91.3187714771525,0
359918,68.8030244662838,0
360354,61.1586701174597,0
361337,42.281203032355,0
361667,45.6941585254114,0
362322,60.9098407461455,0
362651,61.0342443436037,0
363201,68.2551391320577,0
363851,49.9554433870831,0
364288,55.1950152001897,0
364722,68.882012646307,0
365814,39.3162655690876,0
366471,34.3034785871255,0
366801,60.7864243652251,0
367127,91.4579686327748,0
367563,78.8395799328632,0
367889,78.8387706079208,0
368111,109.482807777841,0
368654,78.4265669995711,0
369311,49.9967450035805,0
369967,45.6941585254114,0
370403,54.9423034274554,0
370619,92.020129403307,0
371275,68.8030244662838,0
371495,68.4900965817378,0
371820,110.085430881257,0
372151,91.4579686327748,0
372366,109.885392969052,0
373133,61.0963938808143,0
373895,39.2391287687191,0
374225,54.9415173301856,0
374880,60.9098407461455,0
375756,39.1878721699774,0
376302,42.1915430128497,0
377064,45.8690939062192,0
377938,36.6727151179448,0
378263,50.0384409898229,0
378919,61.1586701174597,0
379355,54.9419103760087,0
379793,68.6462039006775,0
380556,49.9554433870831,0
381430,36.6503140092008,0
381653,54.691505725517,0
381869,136.664531283365,0
383289,36.6728902344104,0
383723,32.3606868218687,0
384055,78.3233899342206,0
384604,68.1001995123033,0
385148,54.9423034274554,0
385582,61.4095408677296,0
386346,50.0805331490091,0
386784,49.9138855490202,0
387112,78.3249875067566,0
387436,92.0190268508645,0
387766,91.7376399058734,0
388421,60.9098407461455,0
388752,60.8480699752805,0
389406,60.9108069095697,0
390275,39.3937062399015,0
390607,49.9554433870831,0
390933,91.179997388073,0
391258,92.1603686414746,0
392352,42.2809702601821,0
392571,45.6944303963159,0
393006,91.7387357255483,0
393442,68.882012646307,0
393663,91.3187714771525,0
393881,136.664531283365,0
395080,42.3404102829861,0
395626,34.381953056099,0
395956,68.4894857937824,0
396611,60.9108069095697,0
397483,39.290519627354,0
397810,50.0390930414386,0
398032,109.283396892253,0
398465,91.5975907925338,0
398904,68.8030244662838,0
399121,91.4579686327748,0
399450,109.883820752017,0
400324,49.8720729379067,0
400759,45.8340544637475,0
400979,91.5975907925338,0
402071,45.7289843163874,0
402834,32.3606868218687,0
403492,42.2509641251905,0
404146,45.7295288905826,0
404472,61.2210734413736,0
405348,49.9135611506116,0
405894,42.191774801402,0
406330,61.0963938808143,0
406766,68.8030244662838,0
407092,78.7353140185766,0
407422,91.4579686327748,0
408077,60.9108069095697,0
408514,54.9423034274554,0
408951,68.6449767608152,0
409497,61.0342443436037,0
409822,68.8832482756765,0
410260,78.6321285962936,0
410589,78.2212806697697,0
410806,109.883820752017,0
411244,91.5997757713822,0
411461,91.5975907925338,0
412334,55.0419264674264,0
413100,36.6055937923014,0
413535,49.9557683301244,0
413865,78.4265669995711,0
414190,91.5975907925338,0
414520,91.5975907925338,0
414961,77.816280624962,0
415173,91.8792171125042,0
415612,92.1614745835933,0
415828,91.5975907925338,0
416046,138.241382413824,0
416812,60.9727051874434,0
417687,36.5608085270469,0
418122,45.7985222820545,0
418342,91.5997757713822,0
418672,109.086260528671,0
418994,92.0179243248424,0
419214,110.694724704526,0
419871,68.4894857937824,0
420313,54.6416984461267,0
420856,60.9098407461455,0
421073,78.9424994346566,0
421619,78.6321285962936,0
422056,61.0342443436037,0
422817,50.0808597214252,0
423584,39.2646066381726,0
424130,45.6941585254114,0
424456,68.8036408593288,0
425547,42.3406437100989,0
426316,32.2561677320722,0
426864,45.5553841956034,0
427185,69.0411550009889,0
427624,78.943310890682,0
428170,60.9098407461455,0
428823,50.0390930414386,0
429369,50.0390930414386,0
429699,68.4882642505529,0
430791,42.191774801402,0
431008,45.8340544637475,0
431663,68.8030244662838,0
431883,68.5677552988233,0
432213,109.086260528671,0
432645,78.7353140185766,0
432975,78.734506832884,0
433630,60.9098407461455,0
434392,42.3408771397855,0
434613,61.0347293968052,0
434938,109.882248579972,0
435163,109.08471109596,0
436030,54.9423034274554,0
436467,46.0095134254322,0
436797,78.2212806697697,0
437123,91.5975907925338,0
437890,54.9423034274554,0
438325,49.9142099516456,0
438981,54.9922667124936,0
439197,68.8036408593288,0
440180,50.0390930414386,0
440514,45.5551139767598,0
440835,91.5975907925338,0
441272,79.151593853384,0
441602,78.2212806697697,0
441818,109.882248579972,0
442041,136.669395309108,0
442365,109.6860807221,0
442805,78.5292132763451,0
443457,54.9415173301856,0
443786,61.1586701174597,0
444223,78.3241887123422,0
444657,68.882012646307,0
444878,91.5975907925338,0
445424,78.2228740795062,0
445640,78.7369284396145,0
446295,68.8826304554505,0
446732,54.9415173301856,0
446953,91.179997388073,0
447387,91.5975907925338,0
447933,61.2210734413736,0
448700,45.6941585254114,0
449466,39.1365498685257,0
450009,45.8340544637475,0
450884,42.3107859448858,0
451646,36.6503140092008,0
452301,42.3404102829861,0
452631,60.9108069095697,0
453393,54.9423034274554,0
454161,39.2130832818491,0
454922,39.2646066381726,0
456016,32.360550466447,0
456562,36.5834488474785,0
456890,68.6462039006775,0
457326,78.5292132763451,0
457652,78.7369284396145,0
457874,109.482807777841,0
458635,61.0332742603292,0
459183,45.8335073972178,0
459620,60.9108069095697,0
460058,68.5677552988233,0
460491,68.882012646307,0
461151,54.8920385101958,0
461695,49.8309769596616,0
461917,78.3233899342206,0
462129,138.241382413824,0
462675,79.151593853384,0
463988,32.273518065606,0
464643,30.4859895442583,0
464860,68.8036408593288,0
465080,137.29486216883,0
465296,137.607281718658,0
465626,109.882248579972,0
466067,77.816280624962,0
466718,54.9423034274554,0
467267,49.99739596896,0
467810,54.9415173301856,0
468135,69.1200691200691,0
468468,91.1810799259154,0
468681,109.885392969052,0
469336,69.1206912069121,0
470103,42.191774801402,0
470319,61.0342443436037,0
470649,109.882248579972,0
470870,108.88520267109,0
471086,137.28995352163,0
471964,54.8418654803305,0
472509,42.191774801402,0
472725,78.9416879953128,0
473161,92.020129403307,0
473487,78.7369284396145,0
474688,39.2903186199276,0
475563,28.8999939791679,0
475782,54.8414738646101,0
476437,68.6462039006775,0
476653,68.8832482756765,0
477199,78.7353140185766,0
477638,60.9098407461455,0
478184,60.9098407461455,0
478837,50.0387670135066,0
479168,61.0342443436037,0
479383,109.883820752017,0
479929,78.7369284396145,0
480696,45.6941585254114,0
481130,49.9551184482691,0
481790,54.8418654803305,0
482222,54.9423034274554,0
483205,42.400017666674,0
483535,45.6941585254114,0
483751,109.886965231077,0
484081,109.883820752017,0
484627,68.4882642505529,0
485173,54.9419103760087,0
485828,49.9557683301244,0
486267,54.8414738646101,0
486704,68.4888750167209,0
487573,45.939058967089,0
487903,50.0387670135066,0
488119,109.883820752017,0
488337,138.243870828383,0
489320,49.9557683301244,0
489978,36.5832745841511,0
490633,45.7289843163874,0
491073,54.7913931853205,0
491289,91.4579686327748,0
491619,109.882248579972,0
492051,78.7353140185766,0
492271,92.020129403307,0
492819,78.1210265591146,0
493033,78.7353140185766,0
493255,137.604816168566,0
494234,49.9557683301244,0
494564,45.8340544637475,0
495656,42.191774801402,0
495872,45.8690939062192,0
497076,42.2509641251905,0
497294,42.1913112268442,0
498056,61.2210734413736,0
498602,45.8690939062192,0
498823,78.2212806697697,0
499694,54.9423034274554,0
500131,45.8690939062192,0
500462,78.1194372959282,0
500898,78.2228740795062,0
501332,68.9624208683159,0
501771,68.8030244662838,0
502206,68.6449767608152,0
502970,49.99739596896,0
503298,54.9423034274554,0
503628,91.1789148759349,0
504066,78.1210265591146,0
504390,78.73612122082,0
504609,110.4892891568,0
506573,27.4835385055826,0
506903,26.1536732629772,0
507230,91.4579686327748,0
508214,45.7990685137367,0
508542,45.7289843163874,0
509304,55.0431099357114,0
509850,45.8690939062192,0
510073,78.0178587754853,0
510396,109.883820752017,0
511051,61.3457728928366,0
511273,68.4113947729419,0
512257,49.7486655956885,0
512803,39.2134837197666,0
513235,61.346752935538,0
513566,78.6321285962936,0
514002,78.2212806697697,0
515094,39.2648073826018,0
515422,42.2514290115476,0
515640,109.882248579972,0
516402,61.2210734413736,0
516626,60.8490341800434,0
516948,109.882248579972,0
517278,92.0179243248424,0
517718,77.9173345778463,0
518040,78.7369284396145,0
518373,91.7387357255483,0
518695,91.5975907925338,0
519025,91.8781179341779,0
519678,61.0342443436037,0
520118,54.8920385101958,0
520773,54.7910022900927,0
521318,49.9967450035805,0
521537,78.5300162581674,0
521755,137.292407801355,0
522192,91.5975907925338,0
522738,61.0337592981118,0
523393,49.9557683301244,0
524155,42.3406437100989,0
524485,54.9415173301856,0
525032,68.4900965817378,0
525470,60.9722211195707,0
526016,60.9712530068831,0
526340,68.9611823969398,0
526886,68.9618016270675,0
527106,78.3249875067566,0
527870,60.9722211195707,0
528198,54.9419103760087,0
528637,78.2228740795062,0
528960,78.7353140185766,0
529399,78.7353140185766,0
529836,68.4894857937824,0
530052,91.8792171125042,0
530491,91.5975907925338,0
531253,49.9551184482691,0
531690,50.0384409898229,0
532566,45.6944303963159,0
533005,45.6249368795632,0
533549,61.0342443436037,0
533986,61.1586701174597,0
534530,61.1586701174597,0
534857,68.882012646307,0
535187,91.3187714771525,0
535733,68.4894857937824,0
536058,68.882012646307,0
536604,68.8826304554505,0
537259,49.9554433870831,0
537696,54.9419103760087,0
538026,78.2220773665234,0
538899,49.872396797257,0
539555,39.2391287687191,0
539880,61.1586701174597,0
540647,54.9423034274554,0
541086,49.7483433413008,0
541519,68.8030244662838,0
542395,45.8690939062192,0
543157,36.6503140092008,0
543593,50.0808597214252,0
543812,91.5975907925338,0
544579,60.8480699752805,0
545017,49.7896258646734,0
545452,68.7248322147651,0
545671,91.739831571403,0
546107,91.5964983421988,0
546762,54.9914791848659,0
547308,49.9557683301244,0
547637,68.5677552988233,0
547961,91.8781179341779,0
548507,68.9611823969398,0
549383,42.191774801402,0
549929,42.191774801402,0
550691,45.8690939062192,0
551019,55.0427154406284,0
551346,91.5975907925338,0
551892,68.7248322147651,0
552438,54.9415173301856,0
552875,61.0342443436037,0
553530,54.9419103760087,0
553859,60.9717370593839,0
554076,109.883820752017,0
554297,136.981414761174,0
555498,42.1915430128497,0
556590,26.1650784782009,0
557243,34.3821069784933,0
557576,60.8480699752805,0
558121,68.3334816264792,0
558667,54.992660484766,0
559211,55.0427154406284,0
559427,78.943310890682,0
559977,78.4257661319146,0
560197,78.0178587754853,0
560849,68.8042572634182,0
561177,61.2210734413736,0
561505,91.4579686327748,0
561940,78.6321285962936,0
562157,92.0190268508645,0
562379,136.666963252958,0
562597,136.353952134081,0
563359,61.2215614686798,0
563795,50.0808597214252,0
565001,36.5385438819348,0
565328,39.1367493056794,0
566527,39.3160642981468,0
566855,39.290519627354,0
567401,68.6462039006775,0
567618,78.6321285962936,0
567947,109.885392969052,0
568600,61.0963938808143,0
568930,61.0337592981118,0
569801,49.9557683301244,0
570022,54.9423034274554,0
570347,109.882248579972,0
570784,78.734506832884,0
571553,49.7486655956885,0
572203,42.281203032355,0
572752,50.0387670135066,0
574170,30.5014873446628,0
574390,36.6277655632234,0
574936,78.3249875067566,0
575482,54.9419103760087,0
576028,54.9415173301856,0
576353,68.8826304554505,0
576899,68.8832482756765,0
577336,61.0963938808143,0
577559,91.0405652101757,0
578101,78.4265669995711,0
578648,55.0932568149211,0
578868,78.2228740795062,0
579741,54.8920385101958,0
580066,50.0805331490091,0
580285,110.286198428996,0
580612,109.883820752017,0
580835,109.08471109596,0
581704,54.9423034274554,0
582580,34.381953056099,0
582905,49.9551184482691,0
583565,60.9108069095697,0
583780,68.5677552988233,0
584109,110.286198428996,0
584543,78.6321285962936,0
584875,78.3249875067566,0
585089,109.883820752017,0
585747,68.8030244662838,0
586074,60.9103238240263,0
586730,61.0342443436037,0
587164,55.0427154406284,0
587385,91.5975907925338,0
587603,136.666963252958,0
587931,109.883820752017,0
588365,78.7353140185766,0
588586,91.598683268928,0
589132,78.2228740795062,0
589567,61.1586701174597,0
590003,68.882012646307,0
590333,78.3233899342206,0
590660,91.3187714771525,0
591425,54.9423034274554,0
591641,61.1586701174597,0
591860,137.923603254135,0
592080,136.666963252958,0
592299,136.666963252958,0
592625,110.085430881257,0
592847,109.48124705983,0
593060,137.921126355865,0
593281,138.243870828383,0
593826,78.3249875067566,0
594046,78.4265669995711,0
594701,68.6462039006775,0
595032,60.9098407461455,0
595464,78.6321285962936,0
596010,61.346752935538,0
596230,78.3241887123422,0
596667,91.3187714771525,0
597538,45.8690939062192,0
597759,54.9415173301856,0
598198,90.9037107178789,0
598414,91.5975907925338,0
598851,91.8792171125042,0
599506,54.9423034274554,0
600052,49.9551184482691,0
600931,42.1024932570226,0
601360,45.8690939062192,0
601581,92.3032546512187,0
602131,77.816280624962,0
603765,27.4710534505145,0
604528,25.0299022595353,0
604748,61.0337592981118,0
605403,68.5671431249833,0
605949,49.9557683301244,0
606386,61.0342443436037,0
607041,54.9415173301856,0
607484,54.6416984461267,0
607694,91.8792171125042,0
608021,111.726967223847,0
608683,60.6639862874114,0
609004,61.0337592981118,0
609550,69.2004108774396,0
610642,36.6279402506725,0
611518,30.4859895442583,0
611734,54.9419103760087,0
612171,92.0179243248424,0
612395,90.9037107178789,0
612827,91.4579686327748,0
613157,78.73612122082,0
613375,109.482807777841,0
613593,137.604816168566,0
613919,110.289365979752,0
614249,91.4579686327748,0
614579,90.9047867051749,0
615011,78.7369284396145,0
615341,78.7353140185766,0
616212,49.9551184482691,0
616434,54.8912538506072,0
616869,91.3187714771525,0
617525,54.9922667124936,0
617961,54.9423034274554,0
618400,68.5677552988233,0
618834,68.7248322147651,0
619053,91.8781179341779,0
620470,36.6725400031515,0
620800,34.3425942073702,0
621016,109.883820752017,0
622108,45.8690939062192,0
622654,36.6279402506725,0
623314,49.7486655956885,0
624077,42.162126552258,0
624838,39.3676570092883,0
625931,32.360550466447,0
626697,32.2736536885676,0
626913,61.0963938808143,0
627136,136.666963252958,0
627681,78.1202319194385,0
628227,54.9922667124936,0
628551,68.9624208683159,0
628771,110.286198428996,0
629317,78.3233899342206,0
630082,45.7990685137367,0
631063,34.3821069784933,0
631939,32.308274788608,0
632489,42.0732007954465,0
632810,68.882012646307,0
633465,61.4724574575376,0
634232,42.191774801402,0
636307,21.1106743596016,0
636632,24.99869798448,0
637508,49.9551184482691,0
637833,49.9551184482691,0
638380,68.8036408593288,0
638709,68.4894857937824,0
638925,110.087008872898,0
639471,78.7353140185766,0
639692,78.2212806697697,0
639908,137.28995352163,0
641000,45.8690939062192,0
641439,39.1878721699774,0
642092,54.9419103760087,0
642422,61.0347293968052,0
642859,78.2220773665234,0
643293,68.882012646307,0
643623,78.5292132763451,0
644169,68.4894857937824,0
644822,50.0390930414386,0
645261,54.9415173301856,0
645698,68.4894857937824,0
646460,50.0390930414386,0
646900,49.9551184482691,0
647228,78.2228740795062,0
648428,39.2648073826018,0
649846,22.9168904644251,0
650176,34.3229485557994,0
650504,91.1810799259154,0
650938,78.7369284396145,0
651483,61.2831152250239,0
651704,78.3233899342206,0
652141,91.1810799259154,0
652689,60.9108069095697,0
652904,78.6321285962936,0
653233,110.286198428996,0
653667,78.6321285962936,0
654327,54.8418654803305,0
654759,54.9419103760087,0
655415,55.1434951498137,0
655742,61.0347293968052,0
656288,68.7248322147651,0
656943,49.9551184482691,0
657273,60.9098407461455,0
657602,91.0427236948172,0
658363,55.0427154406284,0
658909,45.9041869639282,0
659128,78.4273678835844,0
659678,78.0178587754853,0
659894,78.3249875067566,0
660331,91.8781179341779,0
661093,50.0387670135066,0
661639,45.8690939062192,0
661969,68.4888750167209,0
662294,91.5975907925338,0
662952,61.0342443436037,0
663276,61.0963938808143,0
663498,109.882248579972,0
664152,68.4894857937824,0
664591,54.9423034274554,0
665135,61.0963938808143,0
665461,68.9611823969398,0
666117,61.09542182093,0
666883,42.191774801402,0
667429,45.7295288905826,0
667754,68.882012646307,0
668085,91.4579686327748,0
668300,109.885392969052,0
668521,137.604816168566,0
669065,78.4273678835844,0
669504,61.0342443436037,0
669722,91.3187714771525,0
670484,61.2210734413736,0
671030,45.8685460029265,0
671467,61.0342443436037,0
671690,90.9047867051749,0
671904,137.28995352163,0
672452,78.7353140185766,0
672889,60.9108069095697,0
673435,61.0342443436037,0
673872,61.0337592981118,0
674306,68.8826304554505,0
675289,42.3406437100989,0
675619,45.6941585254114,0
676274,60.9098407461455,0
676711,54.9423034274554,0
676927,91.8792171125042,0
678784,28.9417058271562,0
679220,26.1650784782009,0
679880,54.7421842701755,0
680424,49.8309769596616,0
680858,61.3457728928366,0
681079,91.5975907925338,0
681624,78.3249875067566,0
681841,78.73612122082,0
682063,136.976528501106,0
682825,61.0337592981118,0
683043,61.2210734413736,0
683589,78.5292132763451,0
684249,49.7483433413008,0
684571,61.0963938808143,0
685117,69.1206912069121,0
685663,54.9423034274554,0
686209,54.9415173301856,0
686539,68.4894857937824,0
686864,91.5975907925338,0
687085,109.883820752017,0
687410,109.885392969052,0
688177,54.9415173301856,0
688393,61.0347293968052,0
688832,91.598683268928,0
689162,78.0178587754853,0
689485,91.8781179341779,0
689815,91.8781179341779,0
690468,61.0342443436037,0
691014,50.0387670135066,0
691669,49.9551184482691,0
691890,68.4900965817378,0
692436,78.2228740795062,0
692870,61.2205854218481,0
693091,91.5975907925338,0
693419,109.283396892253,0
693744,91.8792171125042,0
694290,68.8826304554505,0
695166,42.191774801402,0
695712,42.1915430128497,0
696037,68.882012646307,0
696693,61.1586701174597,0
697020,61.0342443436037,0
698005,45.7289843163874,0
698222,49.9138855490202,0
698657,92.020129403307,0
698985,78.6321285962936,0
699644,60.8485520738423,0
700190,49.8309769596616,0
700520,68.4894857937824,0
700842,92.020129403307,0
701934,42.4304703815427,0
702264,42.191774801402,0
702919,60.9098407461455,0
703135,68.882012646307,0
704011,54.9419103760087,0
704664,39.2391287687191,0
705319,45.8688199529367,0
705865,49.9557683301244,0
706195,68.4894857937824,0
706632,78.2212806697697,0
707066,68.882012646307,0
707940,45.8690939062192,0
708379,45.6941585254114,0
709032,54.9423034274554,0
709362,61.0347293968052,0
709687,91.5964983421988,0
710017,91.5975907925338,0
710893,49.7486655956885,0
711325,45.8690939062192,0
711546,91.877018782151,0
711762,137.28995352163,0
712201,91.5975907925338,0
712417,91.5964983421988,0
712746,110.087008872898,0
713293,68.4900965817378,0
713621,68.5665309620741,0
713947,91.877018782151,0
714385,78.5300162581674,0
714601,91.5997757713822,0
715038,91.8792171125042,0
715584,61.0332742603292,0
716023,60.9098407461455,0
716239,91.5975907925338,0
716785,78.73612122082,0
717116,68.4900965817378,0
717445,91.0405652101757,0
717769,91.8792171125042,0
718098,91.8803163171306,0
718314,110.083852934853,0
718644,109.882248579972,0
719627,45.6941585254114,0
720062,42.3110190454678,0
720498,68.8826304554505,0
720719,91.3187714771525,0
720935,137.292407801355,0
721263,110.286198428996,0
721920,60.9098407461455,0
722136,68.7248322147651,0
722573,91.8792171125042,0
722794,91.179997388073,0
723558,60.9098407461455,0
723995,49.9554433870831,0
724650,54.9423034274554,0
724976,61.1581830923106,0
725412,78.7353140185766,0
725960,60.9727051874434,0
726179,78.2228740795062,0
726614,91.7365441123773,0
726834,91.5975907925338,0
727050,137.609747357104,0
727596,78.734506832884,0
728252,49.9138855490202,0
728579,61.0347293968052,0
730107,32.3431064543027,0
730656,28.8860805199494,0
731093,60.8480699752805,0
731418,78.7353140185766,0
731747,91.739831571403,0
732185,78.2228740795062,0
732947,49.9967450035805,0
733493,45.8690939062192,0
733714,78.2228740795062,0
733932,136.666963252958,0
734148,138.241382413824,0
734479,109.882248579972,0
735241,54.9423034274554,0
735459,61.2210734413736,0
735787,109.882248579972,0
736117,91.179997388073,0
736446,91.0427236948172,0
736769,92.020129403307,0
737535,55.0932568149211,0
738300,39.1878721699774,0
739062,39.2903186199276,0
739722,42.1913112268442,0
740045,61.0342443436037,0
740375,91.8803163171306,0
740814,78.0186513338345,0
741030,91.5964983421988,0
741467,91.8781179341779,0
742122,54.9423034274554,0
742452,60.9103238240263,0
742884,78.7353140185766,0
743214,78.7353140185766,0
743430,109.882248579972,0
743651,137.29486216883,0
744088,91.1810799259154,0
744306,91.5975907925338,0
744852,78.5292132763451,0
746051,34.381953056099,0
746706,32.3606868218687,0
747366,45.6249368795632,0
748019,45.6941585254114,0
748454,55.1434951498137,0
748674,91.5975907925338,0
748890,137.604816168566,0
749327,91.8792171125042,0
749548,91.1810799259154,0
749766,136.666963252958,0
750096,109.482807777841,0
750419,91.877018782151,0
750640,110.28778218163,0
751075,91.598683268928,0
751404,78.5300162581674,0
751731,91.3198573127229,0
752058,91.877018782151,0
752494,78.7353140185766,0
753040,61.0963938808143,0
753479,60.9098407461455,0
754351,45.7644086380321,0
754787,45.8690939062192,0
755224,68.7242172329554,0
755663,68.4894857937824,0
755879,91.5975907925338,0
756425,78.7353140185766,0
756862,61.0337592981118,0
757629,49.8309769596616,0
757954,54.9419103760087,0
758500,68.882012646307,0
758830,68.4900965817378,0
759046,109.885392969052,0
759376,109.882248579972,0
760359,45.6941585254114,0
760684,45.8690939062192,0
761339,61.2210734413736,0
761997,45.6944303963159,0
762215,68.4888750167209,0
763198,49.9551184482691,0
763635,42.2514290115476,0
764179,61.1586701174597,0
764399,78.5292132763451,0
765271,54.9419103760087,0
765491,54.9415173301856,0
765707,137.604816168566,0
765928,137.29486216883,0
766253,109.885392969052,0
767020,54.9415173301856,0
767782,39.2391287687191,0
768437,42.3406437100989,0
768767,60.9098407461455,0
769204,78.2228740795062,0
769530,78.7353140185766,0
769966,78.8387706079208,0
770406,68.4894857937824,0
771280,45.6593857385762,0
771604,50.0808597214252,0
771934,91.7376399058734,0
772150,109.882248579972,0
772374,136.356373062514,0
772918,78.1210265591146,0
773351,61.4090498388812,0
774009,54.992660484766,0
774227,68.4888750167209,0
774443,138.236405853448,0
774880,91.8792171125042,0
775426,61.0342443436037,0
775649,78.0186513338345,0
776302,68.4900965817378,0
776957,45.8690939062192,0
777503,49.9551184482691,0
777831,68.6455903252621,0
778595,54.9423034274554,0
778925,54.8414738646101,0
779141,109.882248579972,0
779794,69.0411550009889,0
780017,68.4900965817378,0
780449,91.5975907925338,0
781107,55.0427154406284,0
781541,54.9415173301856,0
781871,78.5292132763451,0
782088,109.6860807221,0
782417,109.882248579972,0
782745,91.3187714771525,0
783729,45.7292566018637,0
784383,36.6275908774406,0
784599,68.9611823969398,0
785144,78.840389274422,0
785584,60.9103238240263,0
785911,78.2228740795062,0
786346,78.7353140185766,0
787875,30.5635148042025,0
788645,26.1082404133805,0
789188,45.6941585254114,0
789406,78.8387706079208,0
790280,54.9423034274554,0
790714,45.8690939062192,0
791044,78.5292132763451,0
791590,68.4894857937824,0
792027,61.0342443436037,0
792243,91.8781179341779,0
793010,61.0342443436037,0
793665,42.1915430128497,0
793990,61.2210734413736,0
794320,91.5975907925338,0
795303,45.6941585254114,0
795958,36.6279402506725,0
796395,54.9415173301856,0
796611,91.8781179341779,0
797050,91.5997757713822,0
797376,78.4265669995711,0
798142,54.9415173301856,0
799125,34.3034785871255,0
799562,42.2509641251905,0
799996,68.882012646307,0
800217,91.5997757713822,0
800872,68.4900965817378,0
801746,39.2391287687191,0
801964,54.9415173301856,0
802401,91.5964983421988,0
803163,50.0387670135066,0
803382,61.1586701174597,0
804256,54.9423034274554,0
804695,45.7289843163874,0
805131,68.5677552988233,0
805457,78.7353140185766,0
805677,109.883820752017,0
806113,91.4579686327748,0
806879,49.9135611506116,0
807861,34.3231019503388,0
808187,45.8690939062192,0
808407,109.883820752017,0
808953,78.3249875067566,0
809278,68.8832482756765,0
809608,91.5975907925338,0
810045,78.2212806697697,0
811028,42.2509641251905,0
811462,42.3406437100989,0
811899,68.882012646307,0
812229,78.2228740795062,0
812666,78.2228740795062,0
812884,91.5975907925338,0
813321,91.5975907925338,0
813537,91.877018782151,0
814083,78.7353140185766,0
814520,61.0347293968052,0
815066,61.0342443436037,0
815832,45.7289843163874,0
816267,49.9557683301244,0
816927,54.7910022900927,0
817471,49.8309769596616,0
817796,69.041775668168,0
818019,109.482807777841,0
819543,34.3425942073702,0
819764,34.381953056099,0
820525,61.0959078470057,0
820965,49.9551184482691,0
821295,77.9181250951149,0
821728,78.7369284396145,0
822164,69.1200691200691,0
822494,78.3249875067566,0
822931,78.2228740795062,0
823150,91.4579686327748,0
823802,68.882012646307,0
824348,50.0805331490091,0
825549,34.3425942073702,0
825770,42.191774801402,0
826095,109.883820752017,0
826753,61.0332742603292,0
826971,68.4894857937824,0
827187,138.243870828383,0
827408,137.28995352163,0
827624,137.28995352163,0
828279,68.8832482756765,0
828825,49.9557683301244,0
829046,78.2212806697697,0
829485,90.9047867051749,0
830029,61.0347293968052,0
830354,69.0399137001079,0
830793,78.5292132763451,0
831121,78.2228740795062,0
831446,91.8792171125042,0
831885,78.5300162581674,0
832759,45.6941585254114,0
833193,45.8685460029265,0
833630,68.8826304554505,0
834722,39.2393292527156,0
835052,42.1915430128497,0
835598,68.4888750167209,0
835814,78.7353140185766,0
836144,109.882248579972,0
836690,68.4900965817378,0
837345,49.9557683301244,0
837561,68.882012646307,0
837782,137.292407801355,0
838328,78.2228740795062,0
838544,78.73612122082,0
839312,61.0332742603292,0
839860,45.6243947935912,0
840182,68.9624208683159,0
840404,110.289365979752,0
841058,68.4888750167209,0
841384,61.2210734413736,0
841604,109.885392969052,0
842260,68.4894857937824,0
842476,68.8030244662838,0
843022,78.7353140185766,0
843352,68.4888750167209,0
844113,54.9922667124936,0
844550,50.0805331490091,0
844771,91.1810799259154,0
845205,91.5975907925338,0
845642,68.882012646307,0
845972,78.2228740795062,0
846518,68.4882642505529,0
848047,28.9139208481417,0
848263,34.3822609022657,0
848809,78.7369284396145,0
849027,78.5292132763451,0
850122,45.6941585254114,0
850447,42.2511965670903,0
850777,91.5975907925338,0
850993,109.882248579972,0
851648,68.882012646307,0
851978,60.9108069095697,0
852415,78.2228740795062,0
852851,68.7248322147651,0
853398,61.0342443436037,0
853616,78.4249652806143,0
853942,110.286198428996,0
854599,61.0347293968052,0
854815,68.7248322147651,0
855145,109.885392969052,0
855361,109.885392969052,0
855691,109.882248579972,0
856673,45.7289843163874,0
856893,49.9554433870831,0
857985,45.7638632327879,0
858421,39.2646066381726,0
858637,92.020129403307,0
859183,78.7369284396145,0
859513,68.4888750167209,0
860059,68.4882642505529,0
860498,60.9108069095697,0
861913,32.3606868218687,0
862136,36.6279402506725,0
862680,78.2228740795062,0
863114,61.3457728928366,0
864097,42.3406437100989,0
864643,39.2391287687191,0
865082,60.9098407461455,0
865298,91.5964983421988,0
865628,109.883820752017,0
866065,78.2228740795062,0
866611,61.0342443436037,0
867050,60.9098407461455,0
867373,78.7353140185766,0
869120,28.9838664024908,0
869341,30.4862315762731,0
869994,68.6462039006775,0
870649,45.8685460029265,0
870870,68.4894857937824,0
871962,45.6941585254114,0
872726,32.3256812384777,0
872942,61.2210734413736,0
873163,137.292407801355,0
873379,137.29486216883,0
873709,109.883820752017,0
874802,42.1915430128497,0
875457,34.3425942073702,0
876003,49.9554433870831,0
876655,50.0808597214252,0
877092,55.0932568149211,0
877420,78.4265669995711,0
877861,78.0194439082865,0
878184,78.5292132763451,0
878623,78.7353140185766,0
878839,91.5975907925338,0
879276,91.8792171125042,0
879499,90.9047867051749,0
879932,91.4579686327748,0
880368,69.0405343449689,0
880698,78.3233899342206,0
880914,109.883820752017,0
881460,78.7369284396145,0
881681,78.2220773665234,0
882225,78.4265669995711,0
882773,54.9423034274554,0
883863,36.6279402506725,0
884299,39.3160642981468,0
885175,45.7289843163874,0
885721,42.191774801402,0
886155,61.2210734413736,0
886374,91.8792171125042,0
887250,54.7913931853205,0
887466,54.9415173301856,0
887689,136.664531283365,0
888121,91.5975907925338,0
888451,78.7369284396145,0
888781,90.9047867051749,0
889871,42.2509641251905,0
890526,34.381953056099,0
890963,54.9415173301856,0
891834,45.9041869639282,0
892396,41.8971555759222,0
892724,67.4121798360339,0
893270,68.6462039006775,0
893706,61.09542182093,0
894146,68.4888750167209,0
894692,60.8490341800434,0
895128,61.0963938808143,0
895453,78.8379612995945,0
896545,42.3406437100989,0
897310,32.3085466202231,0
897748,49.872396797257,0
897967,91.3187714771525,0
898297,109.283396892253,0
899275,45.8685460029265,0
899934,36.6503140092008,0
901350,28.9141385619734,0
901573,36.6055937923014,0
902116,78.3249875067566,0
903097,39.36806061041,0
903534,42.3105528468722,0
904303,49.7476988450502,0
904735,49.9557683301244,0
905065,78.7369284396145,0
905390,91.5975907925338,0
905718,91.877018782151,0
907031,36.5608085270469,0
908014,26.1309815449943,0
908448,42.3406437100989,0
908778,78.5292132763451,0
909104,91.4579686327748,0
909761,61.0963938808143,0
910197,54.9423034274554,0
910523,78.7353140185766,0
910743,109.882248579972,0
910963,136.356373062514,0
911178,137.926080241371,0
911397,138.241382413824,0
911724,109.882248579972,0
911945,109.482807777841,0
912270,109.883820752017,0
912816,68.882012646307,0
913583,45.6941585254114,0
914022,49.7486655956885,0
914454,68.882012646307,0
914675,91.8792171125042,0
914891,137.29486216883,0
915437,78.734506832884,0
915876,60.9098407461455,0
916092,91.5975907925338,0
916422,109.885392969052,0
916638,109.885392969052,0
917184,78.7353140185766,0
917405,78.2220773665234,0
918060,68.4894857937824,0
918497,54.9419103760087,0
918935,68.5671431249833,0
919477,61.2210734413736,0
919805,68.9618016270675,0
920460,61.0342443436037,0
920790,60.9098407461455,0
921443,61.0342443436037,0
921773,61.0347293968052,0
922098,91.5975907925338,0
922535,78.734506832884,0
922974,68.4888750167209,0
923190,91.5975907925338,0
923411,137.29486216883,0
924064,68.6462039006775,0
924503,54.9415173301856,0
925374,45.799341634464,0
926141,36.6279402506725,0
926357,61.0332742603292,0
926580,136.664531283365,0
926903,110.087008872898,0
927779,50.0808597214252,0
928105,49.9138855490202,0
928435,91.4579686327748,0
928763,91.179997388073,0
928981,109.885392969052,0
929417,91.7376399058734,0
930073,54.9415173301856,0
930725,45.8690939062192,0
930944,68.8832482756765,0
931494,78.0186513338345,0
931817,68.7242172329554,0
932472,61.3462629102731,0
932909,54.9415173301856,0
933564,54.9415173301856,0
934001,54.9423034274554,0
934547,61.0347293968052,0
934770,78.0186513338345,0
935423,68.4894857937824,0
936185,42.4004858389002,0
936952,39.2391287687191,0
937607,42.1915430128497,0
937932,61.2205854218481,0
938153,109.883820752017,0
938369,137.28995352163,0
938699,109.885392969052,0
939025,91.4579686327748,0
940007,45.8685460029265,0
940553,39.2648073826018,0
941213,49.7486655956885,0
941757,49.8316236155179,0
942082,69.0411550009889,0
942301,110.286198428996,0
942737,91.5975907925338,0
942957,91.4579686327748,0
943395,91.1810799259154,0
943613,91.4579686327748,0
944049,91.7365441123773,0
944266,92.020129403307,0
944706,91.4579686327748,0
945034,78.1194372959282,0
945252,109.883820752017,0
945468,138.241382413824,0
946126,68.6462039006775,0
946344,68.4900965817378,0
947763,36.6503140092008,0
948418,28.9278611462665,0
948964,49.9557683301244,0
949180,78.73612122082,0
950056,54.9415173301856,0
950602,42.191774801402,0
951038,61.0963938808143,0
951364,78.7353140185766,0
951910,68.8030244662838,0
952133,78.0178587754853,0
952456,109.885392969052,0
952786,91.8792171125042,0
953225,78.0186513338345,0
953987,49.9554433870831,0
954863,36.6279402506725,0
955407,42.2509641251905,0
955732,69.0405343449689,0
955953,109.885392969052,0
956387,91.598683268928,0
956717,78.5300162581674,0
957154,78.2220773665234,0
957479,78.734506832884,0
957700,109.885392969052,0
958025,109.886965231077,0
958355,91.5975907925338,0
959008,61.0332742603292,0
959338,61.0342443436037,0
959884,68.4894857937824,0
960318,61.2210734413736,0
961085,49.9554433870831,0
961301,61.0332742603292,0
961959,68.7242172329554,0
962724,42.191774801402,0
963486,39.2907206368371,0
963706,61.0963938808143,0
964578,54.9415173301856,0
964908,49.9142099516456,0
965124,109.886965231077,0
965454,109.883820752017,0
965890,78.3233899342206,0
966106,92.0179243248424,0
966436,109.885392969052,0
966982,68.4894857937824,0
967421,60.9098407461455,0
968074,54.9423034274554,0
969166,34.381953056099,0
969603,39.2391287687191,0
969928,78.73612122082,0
970258,91.5964983421988,0
970584,91.4579686327748,0
970804,109.883820752017,0
971134,109.083161707265,0
971457,91.8792171125042,0
971678,110.289365979752,0
972112,91.5975907925338,0
972442,78.5292132763451,0
972658,109.882248579972,0
973095,91.8792171125042,0
973864,49.7486655956885,0
974296,49.9554433870831,0
974842,61.3457728928366,0
975172,68.4894857937824,0
975934,54.9423034274554,0
976590,42.3105528468722,0
976917,61.0342443436037,0
977137,109.681381299896,0
977902,60.9098407461455,0
978118,61.1586701174597,0
978338,137.607281718658,0
978664,109.885392969052,0
979101,78.7353140185766,0
979431,78.3233899342206,0
979647,109.883820752017,0
979977,109.886965231077,0
980523,68.4894857937824,0
980960,61.0332742603292,0
981395,68.8036408593288,0
981940,61.2215614686798,0
982816,42.2212326620817,0
983032,54.9415173301856,0
983908,54.9423034274554,0
984345,45.6944303963159,0
984891,61.0332742603292,0
985546,49.9557683301244,0
985762,68.8832482756765,0
986092,109.882248579972,0
986529,78.2212806697697,0
986745,91.8781179341779,0
987621,54.9423034274554,0
987837,54.9419103760087,0
988167,109.883820752017,0
988604,78.2228740795062,0
988822,91.598683268928,0
989805,49.9554433870831,0
990021,50.0384409898229,0
990786,61.1586701174597,0
991222,49.9557683301244,0
991440,91.7387357255483,0
992098,68.4888750167209,0
992314,68.6449767608152,0
992974,68.4894857937824,0
993627,45.6941585254114,0
993843,69.0405343449689,0
994066,136.671827451818,0
994280,137.29486216883,0
994719,91.877018782151,0
995044,78.5292132763451,0
995265,109.883820752017,0
996248,49.8309769596616,0
996574,45.8690939062192,0
997013,78.5292132763451,0
997447,68.7242172329554,0
997775,78.7369284396145,0
997995,109.482807777841,0
998431,91.4579686327748,0
998979,60.9727051874434,0
999525,54.8410822544826,0
999743,78.5292132763451,0
1000835,45.7987953962669,0
1001487,34.4016663307129,0
1001817,61.0963938808143,0
1002033,109.882248579972,0
1002361,110.289365979752,0
1002800,78.2228740795062,0
1003346,60.9098407461455,0
1003892,54.9423034274554,0
1004654,45.8690939062192,0
1005200,45.8685460029265,0
1005419,78.4265669995711,0
1006401,49.9557683301244,0
1006838,42.2807374905722,0
1007168,78.2212806697697,0
1007384,109.883820752017,0
1007606,136.981414761174,0
1008039,91.598683268928,0
1008260,91.7376399058734,0
1008695,91.4579686327748,0
1009022,78.7353140185766,0
1009461,78.3249875067566,0
1010114,54.9419103760087,0
1010444,61.0337592981118,0
1010769,91.5975907925338,0
1011315,68.8826304554505,0
1011975,49.7486655956885,0
1012521,49.7480210910881,0
1012737,78.7353140185766,0
1013283,78.7369284396145,0
1013719,61.0963938808143,0
1014046,78.7353140185766,0
1015028,45.8690939062192,0
1015468,42.1915430128497,0
1015684,91.4579686327748,0
1016120,92.020129403307,0
1016450,78.3241887123422,0
1017651,39.1876722114501,0
1018413,30.5637580687525,0
1019396,34.381953056099,0
1019835,42.191774801402,0
1020051,91.598683268928,0
1020488,91.877018782151,0
1020927,68.4888750167209,0
1021473,60.9108069095697,0
1021689,78.73612122082,0
1022347,68.6449767608152,0
1022672,61.0337592981118,0
1023218,68.8832482756765,0
1023548,68.4894857937824,0
1024203,60.9098407461455,0
1024419,68.8826304554505,0
1024856,91.8792171125042,0
1025077,91.179997388073,0
1025511,91.5975907925338,0
1025948,68.882012646307,0
1026171,90.9026347560543,0
1026715,78.2228740795062,0
1027479,45.8690939062192,0
1028571,32.325817300205,0
1028788,45.8337809288502,0
1029333,78.7353140185766,0
1029554,78.3249875067566,0
1029989,91.4579686327748,0
1030209,91.5975907925338,0
1030534,110.083852934853,0
1031301,54.9419103760087,0
1031848,45.6944303963159,0
1032064,78.7353140185766,0
1032501,91.8792171125042,0
1032937,68.7248322147651,0
1033704,49.872396797257,0
1033922,60.9103238240263,0
1034575,68.882012646307,0
1035014,54.9423034274554,0
1036322,34.3425942073702,0
1036652,36.6275908774406,0
1037198,68.4900965817378,0
1037527,68.5683674835945,0
1037960,78.734506832884,0
1038620,54.8916461775973,0
1039273,45.6944303963159,0
1040035,42.4002517514948,0
1040256,61.0342443436037,0
1040911,68.4894857937824,0
1041457,49.9551184482691,0
1041896,60.9108069095697,0
1042219,78.7369284396145,0
1042658,78.734506832884,0
1042984,78.4265669995711,0
1043750,54.9415173301856,0
1044296,45.7292566018637,0
1044622,68.8048736785522,0
1045172,68.4882642505529,0
1045495,68.7242172329554,0
1045934,78.7369284396145,0
1047133,36.6277655632234,0
1047463,39.2389282867712,0
1048115,61.0963938808143,0
1048334,68.8826304554505,0
1048771,91.4579686327748,0
1048992,91.179997388073,0
1049541,78.0194439082865,0
1049863,68.9611823969398,0
1050193,92.0179243248424,0
1050849,60.8490341800434,0
1051179,60.8490341800434,0
1051723,68.6449767608152,0
1052047,69.1200691200691,0
1052923,49.99739596896,0
1053469,42.191774801402,0
1054015,54.9423034274554,0
1054561,54.9419103760087,0
1054777,78.7353140185766,0
1055107,109.883820752017,0
1055542,78.4265669995711,0
1055978,68.882012646307,0
1056199,91.3187714771525,0
1056745,78.2228740795062,0
1057291,54.9415173301856,0
1058492,34.3425942073702,0
1058708,42.3408771397855,0
1059038,109.883820752017,0
1059475,78.2228740795062,0
1060021,61.0342443436037,0
1061222,34.3425942073702,0
1061550,39.2391287687191,0
1062098,68.4888750167209,0
1062642,54.9419103760087,0
1063186,55.1438910908151,0
1063513,68.8826304554505,0
1063950,78.5292132763451,0
1064605,54.9419103760087,0
1065151,49.9557683301244,0
1065371,78.3233899342206,0
1066133,61.0963938808143,0
1066574,49.9145343584877,0
1066899,78.4265669995711,0
1067226,92.0179243248424,0
1067666,78.2220773665234,0
1068212,60.8490341800434,0
1068864,50.0805331490091,0
1070179,30.5014873446628,0
1071048,27.4710534505145,0
1071378,50.0387670135066,0
1072033,60.9098407461455,0
1072470,54.9415173301856,0
1072905,68.8036408593288,0
1073123,91.8792171125042,0
1073562,91.3187714771525,0
1073778,91.5975907925338,0
1074217,91.5975907925338,0
1074763,60.9108069095697,0
1074979,78.73612122082,0
1075525,78.7353140185766,0
1075746,78.2220773665234,0
1076183,91.179997388073,0
1076508,78.73612122082,0
1077054,68.8826304554505,0
1077930,42.1913112268442,0
1078146,54.9419103760087,0
1078585,91.5997757713822,0
1079022,68.4888750167209,0
1079784,50.0384409898229,0
1080114,54.9419103760087,0
1080330,109.885392969052,0
1080660,109.883820752017,0
1081099,78.0178587754853,0
1081643,61.0342443436037,0
1081968,69.041775668168,0
1082298,91.5975907925338,0
1082514,109.882248579972,0
1082734,137.609747357104,0
1083281,78.2228740795062,0
1083716,61.09542182093,0
1083936,91.5975907925338,0
1084375,91.179997388073,0
1084592,91.5975907925338,0
1085464,55.0932568149211,0
1086336,34.4016663307129,0
1086666,49.9145343584877,0
1087757,42.2212326620817,0
1088413,34.3424406385548,0
1088850,54.8920385101958,0
1089066,91.8792171125042,0
1089505,91.5975907925338,0
1089721,91.5975907925338,0
1090704,50.0390930414386,0
1090925,49.8309769596616,0
1091250,109.882248579972,0
1092019,54.8418654803305,0
1092560,45.7987953962669,0
1092781,78.734506832884,0
1093327,78.2228740795062,0
1093980,50.0390930414386,0
1094417,55.0427154406284,0
1094856,68.4888750167209,0
1095182,78.4273678835844,0
1095402,109.885392969052,0
1096710,39.2646066381726,0
1097040,36.6275908774406,0
1098132,42.191774801402,0
1098569,39.2395297387608,0
1099440,45.8690939062192,0
1099770,49.9551184482691,0
1099986,109.882248579972,0
1100862,54.9423034274554,0
1101078,54.9423034274554,0
1101515,92.0179243248424,0
1101955,68.4888750167209,0
1102171,91.4579686327748,0
1102501,109.885392969052,0
1102717,109.885392969052,0
1103047,109.882248579972,0
1103375,91.1789148759349,0
1103921,68.6462039006775,0
1105121,34.3622623612422,0
1105557,36.6727151179448,0
1105776,91.5997757713822,0
1106323,78.4265669995711,0
1106757,61.1586701174597,0
1107196,68.6462039006775,0
1107744,60.7864243652251,0
1108290,54.8414738646101,0
1109052,45.8685460029265,0
1109597,45.9039125912998,0
1110144,54.9423034274554,0
1110906,45.8337809288502,0
1111782,36.6279402506725,0
1112765,32.2736536885676,0
1113420,36.6279402506725,0
1113746,61.1586701174597,0
1114295,68.5677552988233,0
1114837,54.9918729458602,0
1115384,55.0932568149211,0
1116477,36.5834488474785,0
1117022,36.6281149397878,0
1117349,68.8030244662838,0
1118004,61.09542182093,0
1118441,54.9423034274554,0
1119643,36.6279402506725,0
1120079,36.6503140092008,0
1120303,90.9047867051749,0
1120625,109.882248579972,0
1121281,61.3457728928366,0
1122047,42.191774801402,0
1122485,49.8309769596616,0
1123139,54.9419103760087,0
1123576,54.992660484766,0
1123901,78.7353140185766,0
1124447,68.882012646307,0
1125102,49.9557683301244,0
1125323,68.4894857937824,0
1125760,91.1789148759349,0
1126522,50.0390930414386,0
1127068,45.8690939062192,0
1127614,54.9415173301856,0
1128269,49.9557683301244,0
1128597,61.0342443436037,0
1129582,45.6944303963159,0
1130128,39.1878721699774,0
1130565,61.0332742603292,0
1130890,78.7353140185766,0
1131220,91.5997757713822,0
1131545,91.5975907925338,0
1131875,91.5975907925338,0
1132312,78.2228740795062,0
1132637,78.734506832884,0
1133074,78.7353140185766,0
1133513,68.4900965817378,0
1133950,68.4894857937824,0
1134275,78.7353140185766,0
1134821,68.882012646307,0
1135258,61.0342443436037,0
1135697,68.4894857937824,0
1135913,91.5975907925338,0
1136133,137.604816168566,0
1136460,109.882248579972,0
1136678,110.289365979752,0
1137006,109.885392969052,0
1137226,109.482807777841,0
1137442,137.604816168566,0
1137661,137.923603254135,0
1138318,68.4894857937824,0
1138864,49.872396797257,0
1139410,54.9415173301856,0
1139956,54.9423034274554,0
1140502,54.9423034274554,0
1140718,78.734506832884,0
1141157,91.5975907925338,0
1142029,45.7638632327879,0
1142579,42.191774801402,0
1143557,39.2648073826018,0
1143994,42.4004858389002,0
1144324,78.2228740795062,0
1144758,78.5292132763451,0
1145086,78.7353140185766,0
1145741,61.0342443436037,0
1146071,60.9103238240263,0
1146398,91.3187714771525,0
1146943,68.8036408593288,0
1147379,61.1586701174597,0
1148037,54.8410822544826,0
1148585,49.7480210910881,0
1149238,49.9557683301244,0
1149675,55.0427154406284,0
1150330,54.9415173301856,0
1150546,68.8832482756765,0
1151313,61.0342443436037,0
1151638,54.9415173301856,0
1152293,61.2210734413736,0
1152730,54.9423034274554,0
1153169,68.4894857937824,0
1153606,68.4882642505529,0
1154478,45.8690939062192,0
1154808,49.9557683301244,0
1155244,78.3233899342206,0
1155460,92.0190268508645,0
1155790,109.885392969052,0
1156226,78.3241887123422,0
1156446,91.4590577811652,0
1156992,78.3249875067566,0
1157319,68.7242172329554,0
1157756,78.5292132763451,0
1158190,68.882012646307,0
1158736,61.2210734413736,0
1159503,45.6944303963159,0
1160049,45.6941585254114,0
1160486,61.0342443436037,0
1161250,49.9557683301244,0
1161796,45.7987953962669,0
1162233,61.0347293968052,0
1162779,61.0342443436037,0
1163325,54.9415173301856,0
1163762,61.0342443436037,0
1164196,68.882012646307,0
1164417,91.5975907925338,0
1165072,68.4894857937824,0
1165834,42.3404102829861,0
1166494,42.191774801402,0
1166817,61.0342443436037,0
1167472,61.3457728928366,0
1167802,60.9108069095697,0
1168132,90.9047867051749,0
1168785,61.0332742603292,0
1169331,50.0390930414386,0
1169768,61.0347293968052,0
1170314,61.0332742603292,0
1170532,78.5292132763451,0
1170748,138.241382413824,0
1171184,92.020129403307,0
1171515,78.3249875067566,0
1171841,91.4579686327748,0
1172387,68.8030244662838,0
1172717,68.4888750167209,0
1173263,68.4900965817378,0
1173589,68.8030244662838,0
1173915,92.0179243248424,0
1175226,36.6503140092008,0
1175553,36.6279402506725,0
1176099,68.7248322147651,0
1177191,36.6279402506725,0
1177414,45.624665834967,0
1177846,91.5975907925338,0
1178176,78.7369284396145,0
1178722,68.4894857937824,0
1179052,68.4882642505529,0
1179705,61.0347293968052,0
1180467,42.4004858389002,0
1180797,54.9415173301856,0
1181234,78.2228740795062,0
1181452,91.5964983421988,0
1181889,91.5975907925338,0
1182544,54.9423034274554,0
1183090,49.9554433870831,0
1183743,50.0390930414386,0
1184073,61.0342443436037,0
1184508,78.4265669995711,0
1184835,78.7353140185766,0
1185381,68.7248322147651,0
1185599,78.5308192564113,0
1186366,60.9098407461455,0
1186912,45.6941585254114,0
1187349,61.0342443436037,0
1187565,91.877018782151,0
1188334,60.9098407461455,0
1188547,61.0963938808143,0
1188988,91.8792171125042,0
1189316,78.1202319194385,0
1190298,45.7987953962669,0
1190841,39.342045274088,0
1191501,49.8727206608135,0
1192045,49.8309769596616,0
1192370,69.0405343449689,0
1193138,54.8920385101958,0
1193462,54.9423034274554,0
1193683,110.085430881257,0
1194227,78.4265669995711,0
1194447,78.5292132763451,0
1194884,91.3198573127229,0
1195100,91.8792171125042,0
1195320,137.602350706825,0
1195539,136.664531283365,0
1195865,110.087008872898,0
1196520,61.1586701174597,0
1196959,54.8414738646101,0
1198376,32.3256812384777,0
1198815,32.325817300205,0
1199145,78.0194439082865,0
1199360,110.083852934853,0
1200123,61.3457728928366,0
1200560,49.99739596896,0
1201215,54.9423034274554,0
1201871,45.7638632327879,0
1202418,49.8720729379067,0
1202744,68.7242172329554,0
1202965,109.68294772922,0
1203290,109.883820752017,0
1204491,39.3164668420891,0
1204712,42.191774801402,0
1205147,91.4579686327748,0
1206020,45.8690939062192,0
1206240,54.8912538506072,0
1206566,110.083852934853,0
1207441,49.99739596896,0
1207986,42.2509641251905,0
1208534,54.8912538506072,0
1209406,42.2514290115476,0
1209626,54.9423034274554,0
1210497,54.9918729458602,0
1210934,45.8690939062192,0
1211373,68.4894857937824,0
1211703,78.0178587754853,0
1212026,91.8781179341779,0
1212247,110.289365979752,0
1212572,109.885392969052,0
1213118,68.882012646307,0
1213994,42.191774801402,0
1214319,49.9554433870831,0
1214979,60.9098407461455,0
1215848,39.2391287687191,0
1216394,42.4004858389002,0
1217049,49.9557683301244,0
1217379,60.9098407461455,0
1217595,109.882248579972,0
1217816,137.292407801355,0
1218032,137.29486216883,0
1218361,110.085430881257,0
1218578,109.882248579972,0
1219124,78.6321285962936,0
1219891,45.6944303963159,0
1220216,54.9419103760087,0
1220437,109.882248579972,0
1220983,78.2228740795062,0
1221966,39.2391287687191,0
1222510,39.290519627354,0
1222836,68.9624208683159,0
1223166,91.4579686327748,0
1223382,109.882248579972,0
1223929,78.7353140185766,0
1224585,49.9138855490202,0
1225021,54.9419103760087,0
1225787,49.9142099516456,0
1226113,54.9423034274554,0
1226552,78.4265669995711,0
1227098,60.9098407461455,0
1228297,34.381953056099,0
1228843,34.381953056099,0
1229498,49.9554433870831,0
1230265,42.191774801402,0
1230920,42.191774801402,0
1231136,68.882012646307,0
1231466,109.885392969052,0
1231903,78.2228740795062,0
1232340,68.6449767608152,0
1232558,91.5975907925338,0
1232995,91.598683268928,0
1233320,78.73612122082,0
1233757,78.7353140185766,0
1234303,61.0337592981118,0
1234849,54.9423034274554,0
1235725,42.191774801402,0
1236161,45.7289843163874,0
1236378,91.8792171125042,0
1237033,68.8030244662838,0
1237579,49.9551184482691,0
1237909,68.4888750167209,0
1238561,61.0963938808143,0
1239217,45.8690939062192,0
1239547,60.8480699752805,0
1240309,54.9423034274554,0
1241402,32.3606868218687,0
1241732,42.191774801402,0
1242057,91.5975907925338,0
1242603,68.882012646307,0
1243039,61.0963938808143,0
1243807,49.8309769596616,0
1244131,54.9419103760087,0
1244461,91.7365441123773,0
1244900,78.0186513338345,0
1245117,91.4579686327748,0
1245442,110.694724704526,0
1245663,109.886965231077,0
1246424,61.0963938808143,0
1246861,50.0805331490091,0
1247191,78.2228740795062,0
1247517,91.5975907925338,0
1247953,78.7353140185766,0
1249045,39.2391287687191,0
1249484,39.1878721699774,0
1249814,78.0178587754853,0
1250246,78.7353140185766,0
1250467,91.8792171125042,0
1250792,109.885392969052,0
1251229,78.7353140185766,0
1251450,91.1789148759349,0
1251666,137.28995352163,0
1251887,137.29486216883,0
1252321,91.5997757713822,0
1252979,54.9415173301856,0
1253525,49.8309769596616,0
1253959,61.2215614686798,0
1254835,45.7987953962669,0
1255818,32.273518065606,0
1256361,39.3162655690876,0
1256580,78.7353140185766,0
1257126,78.4273678835844,0
1258327,34.3425942073702,0
1258657,39.1874722549635,0
1259094,78.3249875067566,0
1260297,36.6057682683279,0
1260842,34.3231019503388,0
1261388,54.9922667124936,0
1261713,68.882012646307,0
1262040,92.0179243248424,0
1262370,91.3187714771525,0
1262695,91.5997757713822,0
1263132,78.7353140185766,0
1263351,91.4579686327748,0
1263678,109.883820752017,0
1264224,68.7248322147651,0
1264445,78.2220773665234,0
1264879,91.5975907925338,0
1265425,61.2210734413736,0
1265862,61.0342443436037,0
1266301,68.4894857937824,0
1267177,45.6243947935912,0
1267609,45.8688199529367,0
1267939,78.73612122082,0
1269468,32.2736536885676,0
1269793,32.3606868218687,0
1270669,49.9554433870831,0
1270997,49.8309769596616,0
1271215,109.885392969052,0
1271652,91.5975907925338,0
1272089,68.6449767608152,0
1272414,78.7353140185766,0
1273615,39.3164668420891,0
1273836,42.1915430128497,0
1274271,91.4579686327748,0
1274707,68.8826304554505,0
1275144,68.7242172329554,0
1275474,78.2220773665234,0
1275799,91.5975907925338,0
1276129,91.5975907925338,0
1276460,90.9047867051749,0
1276892,78.7369284396145,0
1277438,61.3457728928366,0
1277768,68.4882642505529,0
1278860,42.191774801402,0
1279296,39.2648073826018,0
1279622,78.7353140185766,0
1280388,54.9423034274554,0
1281042,42.2509641251905,0
1281480,54.9419103760087,0
1282026,60.9727051874434,0
1282679,50.0384409898229,0
1283009,61.0342443436037,0
1283665,60.8490341800434,0
1283990,61.1586701174597,0
1284863,50.0805331490091,0
1285848,32.2908870743952,0
1286282,42.2809702601821,0
1286610,78.73612122082,0
1287156,68.6455903252621,0
1287816,49.7480210910881,0
1288248,54.9415173301856,0
1288685,69.0411550009889,0
1289452,49.8316236155179,0
1289777,54.9415173301856,0
1290104,92.0179243248424,0
1290546,78.0202364988419,0
1291199,54.7913931853205,0
1292070,39.3678588088147,0
1292728,39.2391287687191,0
1293272,49.9135611506116,0
1293708,61.2215614686798,0
1293929,91.4590577811652,0
1294255,109.882248579972,0
1294585,91.4579686327748,0
1295021,78.3249875067566,0
1295461,68.4894857937824,0
1295893,68.8036408593288,0
1296549,55.1438910908151,0
1297098,49.7896258646734,0
1297530,61.1586701174597,0
1297860,78.7353140185766,0
1298297,78.2220773665234,0
1298622,78.7353140185766,0
1298843,109.883820752017,0
1299059,137.292407801355,0
1299389,109.882248579972,0
1299935,68.4888750167209,0
1300481,54.9423034274554,0
1300806,68.8832482756765,0
1301136,91.5975907925338,0
1301789,61.0332742603292,0
1302119,61.0342443436037,0
1303104,45.6249368795632,0
1303427,45.8685460029265,0
1304192,55.1438910908151,0
1304849,42.191774801402,0
1305065,68.7248322147651,0
1305286,137.29486216883,0
1305611,109.885392969052,0
1305830,110.286198428996,0
1306050,136.664531283365,0
1306380,109.08471109596,0
1306596,109.883820752017,0
1307142,78.7353140185766,0
1307358,78.7353140185766,0
1307688,109.885392969052,0
1307904,109.885392969052,0
1308122,138.243870828383,0
1308671,78.2212806697697,0
1309106,60.9712530068831,0
1309433,78.73612122082,0
1309762,91.4579686327748,0
1310418,60.9098407461455,0
1310962,49.99739596896,0
1311402,61.0347293968052,0
1311727,78.5292132763451,0
1312057,91.5975907925338,0
1312931,49.8309769596616,0
1313692,36.6949682980319,0
1313911,61.2210734413736,0
1314347,91.5997757713822,0
1314893,61.0963938808143,0
1315114,78.2212806697697,0
1315549,91.4579686327748,0
1316099,60.9108069095697,0
1317077,39.2648073826018,0
1317514,42.4002517514948,0
1317737,90.9047867051749,0
1318715,49.9554433870831,0
1319043,45.939058967089,0
1319698,61.0342443436037,0
1320028,60.9098407461455,0
1320467,78.0186513338345,0
1320790,78.7369284396145,0
1321775,45.8690939062192,0
1321991,49.9551184482691,0
1322974,50.0387670135066,0
1323304,45.6941585254114,0
1323741,78.2220773665234,0
1324612,45.8690939062192,0
1325267,39.3162655690876,0
1325597,60.9098407461455,0
1326143,68.4888750167209,0
1326580,61.0347293968052,0
1327019,68.4894857937824,0
1328543,30.5637580687525,0
1329090,28.9838664024908,0
1329856,45.7289843163874,0
1330182,54.9423034274554,0
1330402,109.882248579972,0
1330948,78.3241887123422,0
1331274,68.8036408593288,0
1331604,91.4579686327748,0
1332475,49.9557683301244,0
1332802,50.0802065808521,0
1333241,78.3241887123422,0
1333569,78.2228740795062,0
1334113,68.8036408593288,0
1334549,61.2210734413736,0
1334770,91.3187714771525,0
1335207,91.179997388073,0
1335425,91.5975907925338,0
1335641,138.241382413824,0
1335862,137.28995352163,0
1336517,68.4900965817378,0
1336954,54.9423034274554,0
1337389,68.8030244662838,0
1338046,54.9419103760087,0
1338917,39.2648073826018,0
1339463,42.3404102829861,0
1340555,36.6279402506725,0
1341322,32.273518065606,0
1342414,32.273518065606,0
1342960,36.6279402506725,0
1344052,36.6279402506725,0
1344268,45.8690939062192,0
1344489,137.28995352163,0
1345360,54.9423034274554,0
1345690,49.9557683301244,0
1346020,90.9026347560543,0
1346453,78.7353140185766,0
1346673,92.020129403307,0
1346999,109.885392969052,0
1347219,109.882248579972,0
1347435,137.604816168566,0
1347659,136.356373062514,0
1348091,91.4579686327748,0
1349073,42.4304703815427,0
1349840,34.3034785871255,0
1350274,49.9557683301244,0
1350711,68.882012646307,0
1351366,54.9415173301856,0
1351587,68.4894857937824,0
1352133,78.2228740795062,0
1352458,68.882012646307,0
1352788,91.5975907925338,0
1353225,78.2220773665234,0
1354533,34.381953056099,0
1355079,32.360550466447,0
1355844,45.7638632327879,0
1356501,42.191774801402,0
1356940,54.7410137066366,0
1357263,78.73612122082,0
1358028,55.1446829898758,0
1359231,30.4861105597853,0
1359556,39.2646066381726,0
1359777,109.882248579972,0
1360211,91.5975907925338,0
1360539,78.7369284396145,0
1360869,91.1810799259154,0
1361194,91.5975907925338,0
1362070,49.9551184482691,0
1362507,45.6941585254114,0
1362946,68.4894857937824,0
1363708,49.9551184482691,0
1363925,61.3462629102731,0
1364143,138.241382413824,0
1364583,91.179997388073,0
1364907,78.5300162581674,0
1365237,91.7376399058734,0
1365563,91.4579686327748,0
1365783,109.885392969052,0
1366109,109.885392969052,0
1366439,91.4579686327748,0
1366655,109.882248579972,0
1367201,78.7353140185766,0
1367421,78.3249875067566,0
1367747,109.882248579972,0
1368076,91.5975907925338,0
1368404,91.3198573127229,0
1368729,91.877018782151,0
1369059,91.598683268928,0
1370151,42.191774801402,0
1370590,39.1876722114501,0
1370913,78.7369284396145,0
1371568,61.346752935538,0
1372005,54.9415173301856,0
1372881,45.6941585254114,0
1373866,32.2388360436903,0
1374298,42.3404102829861,0
1375065,50.0390930414386,0
1375941,36.516653591042,0
1376264,50.0387670135066,0
1376594,91.877018782151,0
1376919,91.5975907925338,0
1377465,68.8826304554505,0
1377795,68.4894857937824,0
1378011,109.885392969052,0
1378557,78.7353140185766,0
1378884,68.7242172329554,0
1379433,68.4888750167209,0
1379869,60.9098407461455,0
1380415,61.0963938808143,0
1380853,60.9727051874434,0
1381071,91.4579686327748,0
1381834,61.2205854218481,0
1382164,54.9423034274554,0
1382600,78.3249875067566,0
1383146,61.0963938808143,0
1383908,45.8685460029265,0
1384563,42.3401768584471,0
1385000,54.9423034274554,0
1385546,61.0347293968052,0
1385765,78.4273678835844,0
1386201,91.5964983421988,0
1386747,61.0963938808143,0
1387623,42.191774801402,0
1388169,42.1915430128497,0
1388385,78.7369284396145,0
1389152,61.0337592981118,0
1389591,49.7476988450502,0
1389806,91.7387357255483,0
1390460,69.041775668168,0
1390790,60.9717370593839,0
1391229,78.0186513338345,0
1391773,61.0342443436037,0
1391991,78.73612122082,0
1393083,45.7987953962669,0
1393520,39.2391287687191,0
1393736,91.8792171125042,0
1393955,137.921126355865,0
1394282,109.883820752017,0
1394504,109.283396892253,0
1394721,136.664531283365,0
1395374,68.9618016270675,0
1395813,54.9423034274554,0
1396796,42.191774801402,0
1397342,39.2391287687191,0
1397667,68.882012646307,0
1397997,91.5964983421988,0
1398213,109.883820752017,0
1398434,137.29486216883,0
1398760,109.885392969052,0
1399526,54.9918729458602,0
1400072,45.7289843163874,0
1400618,54.9423034274554,0
1400944,68.8036408593288,0
1401602,60.9722211195707,0
1402150,49.7483433413008,0
1402366,78.5292132763451,0
1402582,138.881354093202,0
1402912,109.883820752017,0
1404003,42.2212326620817,0
1404440,39.2646066381726,0
1404765,78.7353140185766,0
1405095,91.5975907925338,0
1406076,45.7638632327879,0
1406294,50.0390930414386,0
1406954,68.3340896351066,0
1407386,54.9419103760087,0
1407716,78.7353140185766,0
1407932,109.883820752017,0
1408262,109.882248579972,0
1408699,78.2228740795062,0
1409461,50.0390930414386,0
1410553,32.360550466447,0
1411318,32.3084107038438,0
1412084,39.1876722114501,0
1412412,54.8410822544826,0
1412846,78.73612122082,0
1413283,68.882012646307,0
1414159,45.6944303963159,0
1414594,45.7638632327879,0
1415030,68.882012646307,0
1415250,91.4601469554965,0
1415687,91.3187714771525,0
1416233,61.0959078470057,0
1416453,78.4273678835844,0
1416783,109.08471109596,0
1417105,92.020129403307,0
1417761,61.346752935538,0
1418197,54.9415173301856,0
1418527,78.3233899342206,0
1418743,109.882248579972,0
1419512,60.9103238240263,0
1420056,45.6941585254114,0
1420274,78.7353140185766,0
1421366,45.799341634464,0
1421803,39.2391287687191,0
1422128,78.7353140185766,0
1422349,109.885392969052,0
1422674,109.885392969052,0
1422895,109.883820752017,0
1423441,78.2212806697697,0
1423766,68.882012646307,0
1423987,109.885392969052,0
1424312,109.882248579972,0
1424642,91.5975907925338,0
1424967,91.5997757713822,0
1426171,39.2391287687191,0
1427042,28.9139208481417,0
1427263,54.9415173301856,0
1428134,54.9423034274554,0
1429772,23.912644121942,0
1430318,27.4708569261971,0
1430755,61.0332742603292,0
1431085,78.2228740795062,0
1431631,68.4900965817378,0
1432070,60.9098407461455,0
1432502,68.882012646307,0
1432723,91.8781179341779,0
1433048,109.882248579972,0
1433378,91.598683268928,0
1433706,91.3198573127229,0
1434032,91.8781179341779,0
1434253,109.684514203288,0
1434471,136.664531283365,0
1434797,110.286198428996,0
1435123,92.020129403307,0
1435563,78.3249875067566,0
1436325,49.9138855490202,0
1436545,61.0963938808143,0
1436985,90.9047867051749,0
1437307,78.7353140185766,0
1437637,92.0179243248424,0
1438183,68.4894857937824,0
1438620,61.0342443436037,0
1438945,78.7353140185766,0
1439712,54.9423034274554,0
1440037,54.9419103760087,0
1441129,42.3401768584471,0
1442005,30.4861105597853,0
1442442,45.6944303963159,0
1442767,78.7353140185766,0
1444405,30.5637580687525,0
1444626,32.2736536885676,0
1444951,109.882248579972,0
1445281,91.5975907925338,0
1445608,91.3187714771525,0
1446043,78.7353140185766,0
1446373,78.4273678835844,0
1446703,90.9047867051749,0
1447026,91.8792171125042,0
1447247,110.286198428996,0
1447681,91.5975907925338,0
1448118,68.882012646307,0
1448557,68.4894857937824,0
1448885,78.2228740795062,0
1449319,78.7353140185766,0
1449648,78.6321285962936,0
1450302,61.0342443436037,0
1450957,45.8340544637475,0
1451178,68.5671431249833,0
1451394,137.604816168566,0
1451940,78.73612122082,0
1452596,49.9142099516456,0
1452816,68.4888750167209,0
1453032,137.604816168566,0
1453254,136.981414761174,0
1453472,136.356373062514,0
1453908,91.7365441123773,0
1454124,92.020129403307,0
1454454,109.883820752017,0
1455109,60.9098407461455,0
1455325,68.882012646307,0
1455546,137.29486216883,0
1455985,90.9047867051749,0
1456417,68.882012646307,0
1456854,69.041775668168,0
1457293,68.4894857937824,0
1458167,45.6941585254114,0
1458820,39.2903186199276,0
1459368,49.9551184482691,0
1459584,78.5300162581674,0
1459805,137.28995352163,0
1460460,68.4894857937824,0
1461115,45.799341634464,0
1461443,61.0337592981118,0
1462423,45.8690939062192,0
1462753,45.7990685137367,0
1462969,109.882248579972,0
1463736,61.0342443436037,0
1464173,49.8309769596616,0
1464498,78.7353140185766,0
1465266,54.8916461775973,0
1465590,54.9415173301856,0
1465920,91.7387357255483,0
1466466,68.4894857937824,0
1466905,60.9098407461455,0
1467228,78.7353140185766,0
1467558,91.8792171125042,0
1468429,49.9557683301244,0
1468760,49.9551184482691,0
1469306,68.4894857937824,0
1470179,42.2807374905722,0
1470614,45.8688199529367,0
1471487,45.8690939062192,0
1471926,45.7289843163874,0
1472579,54.9423034274554,0
1472798,68.8030244662838,0
1473234,91.5975907925338,0
1474001,49.8730445285763,0
1474547,45.6941585254114,0
1474872,68.882012646307,0
1475309,78.7353140185766,0
1476185,45.6941585254114,0
1476731,42.191774801402,0
1477056,68.8826304554505,0
1477711,61.2210734413736,0
1478368,45.7289843163874,0
1478694,61.0342443436037,0
1479786,42.3107859448858,0
1480662,30.4859895442583,0
1480992,49.7486655956885,0
1481315,91.8792171125042,0
1481536,110.286198428996,0
1481970,91.5975907925338,0
1482630,54.8410822544826,0
1483499,39.2391287687191,0
1483718,55.1446829898758,0
1484045,109.882248579972,0
1484266,109.482807777841,0
1484591,109.885392969052,0
1485030,78.5292132763451,0
1485246,91.5975907925338,0
1485467,137.28995352163,0
1486123,68.4888750167209,0
1486339,68.882012646307,0
1486775,92.020129403307,0
1487761,42.191774801402,0
1488089,45.6593857385762,0
1488307,109.885392969052,0
1488850,78.8387706079208,0
1489289,61.0959078470057,0
1490381,39.1878721699774,0
1490818,39.2393292527156,0
1491364,61.0342443436037,0
1491689,68.882012646307,0
1492019,91.5975907925338,0
1492674,60.9098407461455,0
1492890,68.8826304554505,0
1493111,137.29486216883,0
1493327,137.292407801355,0
1493766,91.5975907925338,0
1494419,54.9415173301856,0
1494638,68.8030244662838,0
1495074,91.5975907925338,0
1495404,78.3249875067566,0
1495620,109.885392969052,0
1496057,91.877018782151,0
1496387,78.2220773665234,0
1497258,49.9557683301244,0
1497588,49.9557683301244,0
1497914,91.4590577811652,0
1498241,91.877018782151,0
1498570,91.4579686327748,0
1499117,68.4894857937824,0
1499556,60.8480699752805,0
1499770,91.8792171125042,0
1500646,55.0427154406284,0
1501847,28.8861891669268,0
1502609,30.5637580687525,0
1503268,42.2214647769629,0
1503702,54.9423034274554,0
1504138,69.0399137001079,0
1504908,49.7476988450502,0
1505124,60.8485520738423,0
1505885,61.4095408677296,0
1506431,45.9039125912998,0
1506868,61.0342443436037,0
1507307,68.4900965817378,0
1508069,49.9554433870831,0
1508506,50.0387670135066,0
1508836,78.2220773665234,0
1509382,68.4888750167209,0
1509928,54.9415173301856,0
1510144,78.73612122082,0
1510365,137.29486216883,0
1511236,54.9415173301856,0
1511675,45.7987953962669,0
1512112,68.4900965817378,0
1512874,50.0390930414386,0
1513420,45.8685460029265,0
1513750,68.4894857937824,0
1514621,49.9557683301244,0
1515388,36.6279402506725,0
1515604,61.0342443436037,0
1515827,136.664531283365,0
1516370,78.3233899342206,0
1516915,55.1438910908151,0
1517351,61.1586701174597,0
1517681,78.3249875067566,0
1518227,68.4894857937824,0
1518557,68.4888750167209,0
1518880,91.8781179341779,0
1519319,78.73612122082,0
1520081,49.9557683301244,0
1520299,61.2210734413736,0
1520739,91.179997388073,0
1521286,60.8480699752805,0
1522050,45.7987953962669,0
1522486,49.99739596896,0
1522702,92.020129403307,0
1523358,68.8030244662838,0
1524016,45.659657195855,0
1524340,61.0963938808143,0
1524670,91.7365441123773,0
1525871,39.1878721699774,0
1526087,42.3408771397855,0
1526633,78.7353140185766,0
1527291,49.8309769596616,0
1528162,39.2391287687191,0
1529147,32.3255451778957,0
1529909,34.3425942073702,0
1530455,45.8690939062192,0
1530676,78.2220773665234,0
1531115,90.9047867051749,0
1531438,78.73612122082,0
1531768,91.877018782151,0
1532205,78.2212806697697,0
1532530,78.7353140185766,0
1532751,109.886965231077,0
1533513,61.0342443436037,0
1533952,49.9551184482691,0
1534605,54.9423034274554,0
1534828,68.4894857937824,0
1535590,60.9098407461455,0
1536136,45.8690939062192,0
1536352,78.7369284396145,0
1536898,78.7353140185766,0
1537880,39.2646066381726,0
1538210,45.7289843163874,0
1538426,109.883820752017,0
1538649,136.978971587565,0
1539303,68.4894857937824,0
1539519,68.9618016270675,0
1539959,91.4579686327748,0
1540175,91.4579686327748,0
1540611,92.0179243248424,0
1541051,68.4888750167209,0
1541487,68.4894857937824,0
1541812,78.8395799328632,0
1542579,54.9415173301856,0
1543450,36.6279402506725,0
1543996,42.3408771397855,0
1544326,68.4888750167209,0
1544542,109.882248579972,0
1545198,68.8030244662838,0
1545855,45.6944303963159,0
1546071,68.7248322147651,0
1546836,61.1586701174597,0
1547386,45.6249368795632,0
1548585,34.3033253679344,0
1549347,30.5948060536286,0
1549568,61.0347293968052,0
1549893,109.885392969052,0
1551094,39.3160642981468,0
1551315,42.1915430128497,0
1551531,137.28995352163,0
1551970,91.598683268928,0
1552516,60.9108069095697,0
1553278,45.8685460029265,0
1553499,61.0342443436037,0
1553936,91.1810799259154,0
1554261,78.7353140185766,0
1554591,91.5975907925338,0
1554807,109.882248579972,0
1555571,61.2205854218481,0
1555790,61.0342443436037,0
1556119,109.6860807221,0
1556446,91.5975907925338,0
1556776,91.3187714771525,0
1557428,61.0963938808143,0
1557867,54.9918729458602,0
1558412,60.9727051874434,0
1558959,54.9419103760087,0
1559175,78.6321285962936,0
1559831,68.8036408593288,0
1560051,68.4894857937824,0
1560813,61.0963938808143,0
1561252,49.9551184482691,0
1561580,78.2228740795062,0
1562014,78.7353140185766,0
1562451,68.882012646307,0
1563218,49.8309769596616,0
1563434,61.0342443436037,0
1563873,91.5997757713822,0
1564749,45.6243947935912,0
1565292,42.2807374905722,0
1565727,61.346752935538,0
1566164,68.8030244662838,0
1566603,68.4888750167209,0
1567040,68.4900965817378,0
1567479,68.4894857937824,0
1568025,60.9098407461455,0
1568569,55.0427154406284,0
1569663,36.6279402506725,0
1570425,32.3256812384777,0
1570755,54.9419103760087,0
1571408,61.0342443436037,0
1572170,42.4002517514948,0
1572500,54.9423034274554,0
1573481,45.764135933785,0
1574248,34.3425942073702,0
1574794,45.7292566018637,0
1575230,61.09542182093,0
1575446,92.0179243248424,0
1575670,136.356373062514,0
1575886,136.358794076915,0
1576213,110.492468384479,0
1576647,78.8387706079208,0
1576977,78.5292132763451,0
1577193,109.882248579972,0
1577523,109.885392969052,0
1577739,109.885392969052,0
1578285,78.7353140185766,0
1578722,61.0337592981118,0
1579161,68.4888750167209,0
1579814,54.9423034274554,0
1580360,50.0387670135066,0
1580581,78.2228740795062,0
1580799,136.666963252958,0
1581127,109.882248579972,0
1581782,61.0342443436037,0
1582219,54.9423034274554,0
1582874,54.9423034274554,0
1583199,61.2205854218481,0
1584182,45.8685460029265,0
1584401,49.9138855490202,0
1585167,60.9108069095697,0
1585493,54.9423034274554,0
1586259,54.9419103760087,0
1586693,49.9967450035805,0
1587133,68.6449767608152,0
1588004,45.764135933785,0
1588227,54.8418654803305,0
1588659,91.5975907925338,0
1589205,61.3462629102731,0
1589533,68.6462039006775,0
1590957,34.244590201945,0
1591936,24.9777216935416,0
1592157,50.0387670135066,0
1592372,137.604816168566,0
1592812,91.5975907925338,0
1593140,78.1210265591146,0
1593794,61.0963938808143,0
1594447,45.9041869639282,0
1595323,39.2391287687191,0
1595758,45.7638632327879,0
1596414,54.9922667124936,0
1596631,68.7248322147651,0
1597286,68.8036408593288,0
1597616,60.9098407461455,0
1597946,90.9047867051749,0
1598599,61.0342443436037,0
1598815,69.0399137001079,0
1599361,78.7353140185766,0
1599582,78.2228740795062,0
1599800,136.669395309108,0
1600016,138.241382413824,0
1600453,91.8781179341779,0
1601220,49.8309769596616,0
1601875,42.1915430128497,0
1602314,54.8414738646101,0
1603183,45.8690939062192,0
1603838,39.3678588088147,0
1604493,45.7987953962669,0
1604821,61.0337592981118,0
1605590,54.691505725517,0
1606243,42.191774801402,0
1607005,42.4004858389002,0
1607228,60.9103238240263,0
1607444,136.666963252958,0
1608320,54.9415173301856,0
1609299,32.360550466447,0
1609735,42.4304703815427,0
1610503,49.8309769596616,0
1610721,60.8490341800434,0
1611267,78.5292132763451,0
1611813,54.9415173301856,0
1612358,54.992660484766,0
1612684,68.8832482756765,0
1613232,68.6462039006775,0
1613557,68.7242172329554,0
1613778,109.882248579972,0
1614322,78.4273678835844,0
1614872,54.8410822544826,0
1615304,61.09542182093,0
1615525,91.8803163171306,0
1616287,61.0342443436037,0
1616942,42.3401768584471,0
1617272,60.9108069095697,0
1618364,42.191774801402,0
1618692,42.2509641251905,0
1619786,42.191774801402,0
1620002,45.7987953962669,0
1620439,91.8792171125042,0
1620764,78.7353140185766,0
1621201,78.7353140185766,0
1621968,49.8316236155179,0
1622402,49.9551184482691,0
1623169,49.9551184482691,0
1623931,39.2391287687191,0
1624477,45.8690939062192,0
1625023,54.9423034274554,0
1625242,78.4265669995711,0
1625679,91.4579686327748,0
1625899,91.3198573127229,0
1626662,61.0963938808143,0
1627208,45.8685460029265,0
1627428,78.3241887123422,0
1627974,78.3249875067566,0
1628411,61.0347293968052,0
1629066,54.9419103760087,0
1629282,68.882012646307,0
1629503,137.292407801355,0
1630483,49.9551184482691,0
1631141,36.6279402506725,0
1631575,54.9423034274554,0
1632235,54.8410822544826,0
1632667,54.9419103760087,0
1633323,55.1446829898758,0
1633650,61.0337592981118,0
1634196,68.7242172329554,0
1634526,68.4894857937824,0
1635072,68.4888750167209,0
1635288,78.7353140185766,0
1635618,109.882248579972,0
1636054,78.3249875067566,0
1636710,54.9423034274554,0
1637472,42.3105528468722,0
1637909,50.0390930414386,0
1638241,78.0194439082865,0
1638564,91.5964983421988,0
1639110,69.0405343449689,0
1639986,42.191774801402,0
1640423,45.6941585254114,0
1640748,78.7353140185766,0
1641187,78.5300162581674,0
1641517,78.0194439082865,0
1642170,61.0342443436037,0
1642386,69.0405343449689,0
1642716,109.882248579972,0
1643152,78.3249875067566,0
1643478,78.840389274422,0
1644024,68.882012646307,0
1644354,68.4894857937824,0
1644900,68.4894857937824,0
1645116,78.7353140185766,0
1645335,137.926080241371,0
1646102,60.8480699752805,0
1646538,49.8720729379067,0
1647194,54.9423034274554,0
1647630,54.9415173301856,0
1648175,61.1581830923106,0
1648501,68.8832482756765,0
1648938,78.6321285962936,0
1649161,90.9037107178789,0
1649375,137.292407801355,0
1649707,109.885392969052,0
1650251,68.4894857937824,0
1651777,28.9838664024908,0
1652544,26.1650784782009,0
1653090,45.6941585254114,0
1653525,61.1586701174597,0
1653852,78.7353140185766,0
1654291,78.3241887123422,0
1654507,91.5975907925338,0
1654728,137.28995352163,0
1655162,91.5975907925338,0
1655713,60.9108069095697,0
1656036,68.6455903252621,0
1656366,91.8781179341779,0
1656912,68.4900965817378,0
1657674,45.8690939062192,0
1657895,61.0332742603292,0
1658220,109.882248579972,0
1658880,60.9108069095697,0
1659312,54.9423034274554,0
1659858,61.3457728928366,0
1660404,54.9419103760087,0
1661171,45.7289843163874,0
1661497,54.9415173301856,0
1661933,78.7369284396145,0
1662373,68.4900965817378,0
1662589,91.4579686327748,0
1663025,92.0179243248424,0
1663244,91.5975907925338,0
1663901,68.4894857937824,0
1664447,49.872396797257,0
1664993,54.9423034274554,0
1665648,49.9557683301244,0
1665864,68.882012646307,0
1666410,78.734506832884,0
1666740,68.4888750167209,0
1667176,78.3249875067566,0
1667393,91.8792171125042,0
1667723,109.68294772922,0
1667939,109.882248579972,0
1668815,54.9419103760087,0
1669577,36.6279402506725,0
1669907,54.9415173301856,0
1670123,109.883820752017,0
1670344,137.29486216883,0
1671215,54.9419103760087,0
1671654,45.7987953962669,0
1671870,91.5975907925338,0
1672307,91.8792171125042,0
1672746,68.4900965817378,0
1672962,91.5975907925338,0
1673508,78.734506832884,0
1674054,54.9415173301856,0
1674930,42.191774801402,0
1675802,34.3231019503388,0
1676022,54.9423034274554,0
1676352,109.08471109596,0
1676568,109.882248579972,0
1677005,91.877018782151,0
1677330,78.7353140185766,0
1677551,109.886965231077,0
1678206,68.4894857937824,0
1679083,39.1874722549635,0
1680173,30.517000909947,0
1681043,30.6106587270271,0
1681733,38.4594198035966,0
1682279,48.5409279660214,0
1682933,49.99739596896,0
1683804,39.3418437391144,0
1684460,39.2903186199276,0
1684787,61.0342443436037,0
1685117,91.3187714771525,0
1685442,91.5975907925338,0
1685879,78.7369284396145,0
1686425,61.0342443436037,0
1686644,78.4265669995711,0
1687194,78.0186513338345,0
1687410,78.3233899342206,0
