time_millisecond,player_speed,zombie_speed,fog_start_dist,fog_end_dist,current_round,zombie_threshold,zombie_increase_power,max_zombie_alive,number_of_alive_zombies,number_of_killed_zombies,grenade_regen_delay,medic_regen_delay,calibrating,adaptation_condition
4519,0,1,1,300,1000,1,5,1.3,5,1,0,30,30,0,3
5501,0,1,1,300,1000,1,5,1.3,5,2,0,30,30,0,3
6503,0,1,1,300,1000,1,5,1.3,5,3,0,30,30,0,3
7509,0,1,1,300,1000,1,5,1.3,5,4,0,30,30,0,3
8515,0,1,1,300,1000,1,5,1.3,5,5,0,30,30,0,3
8516,0,1,1,300,1000,1,5,1.3,5,5,0,30,30,1,3
15551,0,1,1,300,1000,1,5,1.3,5,4,1,30,30,1,3
35652,0,1,1,300,1000,2,5,1.3,5,0,5,30,30,1,3
35652,0,1,1,300,1000,2,5,1.3,7,0,5,30,30,1,3
35652,0,1,1,300,1000,2,8,1.3,7,0,5,30,30,1,3
45658,0,1,1,300,1000,2,8,1.3,7,1,5,30,30,1,3
45658,0,1,1,300,1000,2,8,1.3,7,2,5,30,30,1,3
46660,0,1,1,300,1000,2,8,1.3,7,3,5,30,30,1,3
46660,0,1,1,300,1000,2,8,1.3,7,4,5,30,30,1,3
47664,0,1,1,300,1000,2,8,1.3,7,5,5,30,30,1,3
47664,0,1,1,300,1000,2,8,1.3,7,6,5,30,30,1,3
48667,0,1,1,300,1000,2,8,1.3,7,7,5,30,30,1,3
52689,0,1,1,300,1000,2,8,1.3,7,7,6,30,30,1,3
68770,0,1,1,300,1000,2,8,1.3,7,3,10,30,30,0,3
68771,0.6129835,1,1,302,1112,2,8,1.3,7,3,10,30,30,0,3
68771,0.6129835,1,1,302,1112,2,8,1.3,7,3,10,30,63.22099,0,3
69777,0.7884641,1,1,369,1288,2,8,1.3,7,3,10,30,63.22099,0,3
69777,0.7884641,1,1,369,1288,2,8,1.3,7,3,10,30,52.69215,0,3
70782,0.9699555,1,1,438,1469,2,8,1.3,7,1,12,30,52.69215,0,3
70782,0.9699555,1,1,438,1469,2,8,1.3,7,1,12,30,41.80267,0,3
71785,1,1,1,450,1500,2,8,1.3,7,1,12,30,41.80267,0,3
71785,1,1,1,450,1500,2,8,1.3,7,1,12,30,40,0,3
72792,1,1,1,450,1500,3,8,1.3,7,0,13,30,40,0,3
72792,1,1,1,450,1500,3,8,1.3,10,0,13,30,40,0,3
72792,1,1,1,450,1500,3,14,1.3,10,0,13,30,40,0,3
72792,1,1,1,450,1500,3,14,1.3,10,0,13,30,40,0,3
72792,1,1,1,450,1500,3,14,1.3,10,0,13,30,40,0,3
82795,1,1,1,450,1500,3,14,1.3,10,1,13,30,40,0,3
82795,1,1,1,450,1500,3,14,1.3,10,2,13,30,40,0,3
82795,1,1,1,450,1500,3,14,1.3,10,3,13,30,40,0,3
82795,1,1,1,450,1500,3,14,1.3,10,4,13,30,40,0,3
82795,1,1,1,450,1500,3,14,1.3,10,4,13,30,40,0,3
82795,1,1,1,450,1500,3,14,1.3,10,4,13,30,40,0,3
83797,1,1,1,450,1500,3,14,1.3,10,5,13,30,40,0,3
83797,1,1,1,450,1500,3,14,1.3,10,6,13,30,40,0,3
83797,1,1,1,450,1500,3,14,1.3,10,7,13,30,40,0,3
83797,1,1,1,450,1500,3,14,1.3,10,8,13,30,40,0,3
83797,1,1,1,450,1500,3,14,1.3,10,8,13,30,40,0,3
83797,1,1,1,450,1500,3,14,1.3,10,8,13,30,40,0,3
84803,1,1,1,450,1500,3,14,1.3,10,9,13,30,40,0,3
84803,1,1,1,450,1500,3,14,1.3,10,10,13,30,40,0,3
84803,1,1,1,450,1500,3,14,1.3,10,10,13,30,40,0,3
84803,1,1,1,450,1500,3,14,1.3,10,10,13,30,40,0,3
85809,1,1,1,450,1500,3,14,1.3,10,10,13,30,40,0,3
85809,1,1,1,450,1500,3,14,1.3,10,10,13,30,40,0,3
86817,1,1,1,450,1500,3,14,1.3,10,10,13,30,40,0,3
86817,1,1,1,450,1500,3,14,1.3,10,10,13,30,40,0,3
87825,1,1,1,450,1500,3,14,1.3,10,10,13,30,40,0,3
87825,1,1,1,450,1500,3,14,1.3,10,10,13,30,40,0,3
88825,1,1,1,450,1500,3,14,1.3,10,10,13,30,40,0,3
88825,1,1,1,450,1500,3,14,1.3,10,10,13,30,40,0,3
89831,1,1,1,450,1500,3,14,1.3,10,10,13,30,40,0,3
89831,1,1,1,450,1500,3,14,1.3,10,10,13,30,40,0,3
90835,1,1,1,450,1500,3,14,1.3,10,10,14,30,40,0,3
90835,1,1,1,450,1500,3,14,1.3,10,10,14,30,40,0,3
90835,1,1,1,450,1500,3,14,1.3,10,10,14,30,40,0,3
91844,1,1,1,450,1500,3,14,1.3,10,10,14,30,40,0,3
91844,1,1,1,450,1500,3,14,1.3,10,10,14,30,40,0,3
92847,1,1,1,450,1500,3,14,1.3,10,10,14,30,40,0,3
92847,1,1,1,450,1500,3,14,1.3,10,10,14,30,40,0,3
93850,1,1,1,450,1500,3,14,1.3,10,9,16,30,40,0,3
93850,1,1,1,450,1500,3,14,1.3,10,10,16,30,40,0,3
93850,1,1,1,450,1500,3,14,1.3,10,10,16,30,40,0,3
93850,1,1,1,450,1500,3,14,1.3,10,10,16,30,40,0,3
94859,1,1,1,450,1500,3,14,1.3,10,10,16,30,40,0,3
94859,1,1,1,450,1500,3,14,1.3,10,10,16,30,40,0,3
95859,1,1,1,450,1500,3,14,1.3,10,10,16,30,40,0,3
95859,1,1,1,450,1500,3,14,1.3,10,10,16,30,40,0,3
96865,1,1,1,450,1500,3,14,1.3,10,9,18,30,40,0,3
96865,1,1,1,450,1500,3,14,1.3,10,9,18,30,40,0,3
96865,1,1,1,450,1500,3,14,1.3,10,9,18,30,40,0,3
97869,1,1,1,450,1500,3,14,1.3,10,7,20,30,40,0,3
97869,1,1,1,450,1500,3,14,1.3,10,7,20,30,40,0,3
98881,1,1,1,450,1500,3,14,1.3,10,7,20,30,40,0,3
98881,1,1,1,450,1500,3,14,1.3,10,7,20,30,40,0,3
99884,1,1,1,450,1500,3,14,1.3,10,7,20,30,40,0,3
99884,1,1,1,450,1500,3,14,1.3,10,7,20,30,40,0,3
100890,1,1,1,450,1500,3,14,1.3,10,7,20,30,40,0,3
100890,1,1,1,450,1500,3,14,1.3,10,7,20,30,40,0,3
101895,1,1,1,450,1500,3,14,1.3,10,7,20,30,40,0,3
101895,1,1,1,450,1500,3,14,1.3,10,7,20,30,40,0,3
102892,1,1,1,450,1500,3,14,1.3,10,6,21,30,40,0,3
102892,1,1,1,450,1500,3,14,1.3,10,6,21,30,40,0,3
103902,1,1,1,450,1500,3,14,1.3,10,6,21,30,40,0,3
103902,1,1,1,450,1500,3,14,1.3,10,6,21,30,40,0,3
104910,1,1,1,450,1500,3,14,1.3,10,6,21,30,40,0,3
104910,1,1,1,450,1500,3,14,1.3,10,6,21,30,40,0,3
105909,1,1,1,450,1500,3,14,1.3,10,5,22,30,40,0,3
105909,1,1,1,450,1500,3,14,1.3,10,5,22,30,40,0,3
106918,1,1,1,450,1500,3,14,1.3,10,5,22,30,40,0,3
106918,1,1,1,450,1500,3,14,1.3,10,5,22,30,40,0,3
107919,1,1,1,450,1500,3,14,1.3,10,4,23,30,40,0,3
107919,1,1,1,450,1500,3,14,1.3,10,4,23,30,40,0,3
108924,1,1,1,450,1500,3,14,1.3,10,4,23,30,40,0,3
108924,1,1,1,450,1500,3,14,1.3,10,4,23,30,40,0,3
109928,1,1,1,450,1500,3,14,1.3,10,4,23,30,40,0,3
109928,1,1,1,450,1500,3,14,1.3,10,4,23,30,40,0,3
110934,1,1,1,450,1500,3,14,1.3,10,3,24,30,40,0,3
110934,1,1,1,450,1500,3,14,1.3,10,3,24,30,40,0,3
111944,1,1,1,450,1500,3,14,1.3,10,3,24,30,40,0,3
111944,1,1,1,450,1500,3,14,1.3,10,3,24,30,40,0,3
112949,1,1,1,450,1500,3,14,1.3,10,3,24,30,40,0,3
112950,1,1,1,450,1500,3,14,1.3,10,3,24,30,40,0,3
113950,1,1,1,450,1500,3,14,1.3,10,3,24,30,40,0,3
113950,1,1,1,450,1500,3,14,1.3,10,3,24,30,40,0,3
114957,1,1,1,450,1500,3,14,1.3,10,3,24,30,40,0,3
114957,1,1,1,450,1500,3,14,1.3,10,3,24,30,40,0,3
115958,1,1,1,450,1500,3,14,1.3,10,2,25,30,40,0,3
115958,1,1,1,450,1500,3,14,1.3,10,2,25,30,40,0,3
116973,1,1,1,450,1500,3,14,1.3,10,2,25,30,40,0,3
116973,1,1,1,450,1500,3,14,1.3,10,2,25,30,40,0,3
117967,1,1,1,450,1500,3,14,1.3,10,2,25,30,40,0,3
117967,1,1,1,450,1500,3,14,1.3,10,2,25,30,40,0,3
118976,1,1,1,450,1500,3,14,1.3,10,2,25,30,40,0,3
118976,1,1,1,450,1500,3,14,1.3,10,2,25,30,40,0,3
119985,1,1,1,450,1500,3,14,1.3,10,1,26,30,40,0,3
119985,1,1,1,450,1500,3,14,1.3,10,1,26,30,40,0,3
120982,1,1,1,450,1500,3,14,1.3,10,1,26,30,40,0,3
120982,1,1,1,450,1500,3,14,1.3,10,1,26,30,40,0,3
121989,1,1,1,450,1500,3,14,1.3,10,1,26,30,40,0,3
121989,1,1,1,450,1500,3,14,1.3,10,1,26,30,40,0,3
122996,1,1,1,450,1500,3,14,1.3,10,1,26,30,40,0,3
122996,1,1,1,450,1500,3,14,1.3,10,1,26,30,40,0,3
124005,1,1,1,450,1500,3,14,1.3,10,1,26,30,40,0,3
124005,1,1,1,450,1500,3,14,1.3,10,1,26,30,40,0,3
125006,1,1,1,450,1500,3,14,1.3,10,1,26,30,40,0,3
125006,1,1,1,450,1500,3,14,1.3,10,1,26,30,40,0,3
126014,1,1,1,450,1500,3,14,1.3,10,1,26,30,40,0,3
126014,1,1,1,450,1500,3,14,1.3,10,1,26,30,40,0,3
127018,1,1,1,450,1500,3,14,1.3,10,1,26,30,40,0,3
127018,1,1,1,450,1500,3,14,1.3,10,1,26,30,40,0,3
128022,1,1,1,450,1500,4,14,1.3,10,0,27,30,40,0,3
128022,1,1,1,450,1500,4,14,1.3,15,0,27,30,40,0,3
128022,1,1,1,450,1500,4,30,1.3,15,0,27,30,40,0,3
128022,1,1,1,450,1500,4,30,1.3,15,0,27,30,40,0,3
128022,1,1,1,450,1500,4,30,1.3,15,0,27,30,40,0,3
138028,1,1,1,450,1500,4,30,1.3,15,1,27,30,40,0,3
138028,1,1,1,450,1500,4,30,1.3,15,2,27,30,40,0,3
138028,1,1,1,450,1500,4,30,1.3,15,3,27,30,40,0,3
138028,1,1,1,450,1500,4,30,1.3,15,4,27,30,40,0,3
138028,1,1,1,450,1500,4,30,1.3,15,5,27,30,40,0,3
138028,1,1,1,450,1500,4,30,1.3,15,6,27,30,40,0,3
138028,1,1,1,450,1500,4,30,1.3,15,7,27,30,40,0,3
138028,1,1,1,450,1500,4,30,1.3,15,8,27,30,40,0,3
138028,1,1,1,450,1500,4,30,1.3,15,9,27,30,40,0,3
138028,1,1,1,450,1500,4,30,1.3,15,9,27,30,40,0,3
138028,1,1,1,450,1500,4,30,1.3,15,9,27,30,40,0,3
139035,1,1,1,450,1500,4,30,1.3,15,10,27,30,40,0,3
139035,1,1,1,450,1500,4,30,1.3,15,11,27,30,40,0,3
139035,1,1,1,450,1500,4,30,1.3,15,12,27,30,40,0,3
139035,1,1,1,450,1500,4,30,1.3,15,13,27,30,40,0,3
139035,1,1,1,450,1500,4,30,1.3,15,14,27,30,40,0,3
139035,1,1,1,450,1500,4,30,1.3,15,15,27,30,40,0,3
139035,1,1,1,450,1500,4,30,1.3,15,15,27,30,40,0,3
139035,1,1,1,450,1500,4,30,1.3,15,15,27,30,40,0,3
140034,1,1,1,450,1500,4,30,1.3,15,15,27,30,40,0,3
140034,1,1,1,450,1500,4,30,1.3,15,15,27,30,40,0,3
141045,1,1,1,450,1500,4,30,1.3,15,15,27,30,40,0,3
141045,1,1,1,450,1500,4,30,1.3,15,15,27,30,40,0,3
142045,1,1,1,450,1500,4,30,1.3,15,15,28,30,40,0,3
142045,1,1,1,450,1500,4,30,1.3,15,15,28,30,40,0,3
142045,1,1,1,450,1500,4,30,1.3,15,15,28,30,40,0,3
143053,1,1,1,450,1500,4,30,1.3,15,15,28,30,40,0,3
143053,1,1,1,450,1500,4,30,1.3,15,15,28,30,40,0,3
144060,1,1,1,450,1500,4,30,1.3,15,15,28,30,40,0,3
144060,1,1,1,450,1500,4,30,1.3,15,15,28,30,40,0,3
145061,1,1,1,450,1500,4,30,1.3,15,15,28,30,40,0,3
145061,1,1,1,450,1500,4,30,1.3,15,15,28,30,40,0,3
146063,1,1,1,450,1500,4,30,1.3,15,15,29,30,40,0,3
146063,1,1,1,450,1500,4,30,1.3,15,15,29,30,40,0,3
146063,1,1,1,450,1500,4,30,1.3,15,15,29,30,40,0,3
147068,1,1,1,450,1500,4,30,1.3,15,15,29,30,40,0,3
147068,1,1,1,450,1500,4,30,1.3,15,15,29,30,40,0,3
148077,1,1,1,450,1500,4,30,1.3,15,15,29,30,40,0,3
148077,1,1,1,450,1500,4,30,1.3,15,15,29,30,40,0,3
149086,1,1,1,450,1500,4,30,1.3,15,14,31,30,40,0,3
149086,1,1,1,450,1500,4,30,1.3,15,15,31,30,40,0,3
149086,1,1,1,450,1500,4,30,1.3,15,15,31,30,40,0,3
149086,1,1,1,450,1500,4,30,1.3,15,15,31,30,40,0,3
150086,1,1,1,450,1500,4,30,1.3,15,15,31,30,40,0,3
150086,1,1,1,450,1500,4,30,1.3,15,15,31,30,40,0,3
151098,1,1,1,450,1500,4,30,1.3,15,15,31,30,40,0,3
151098,1,1,1,450,1500,4,30,1.3,15,15,31,30,40,0,3
152096,1,1,1,450,1500,4,30,1.3,15,15,31,30,40,0,3
152096,1,1,1,450,1500,4,30,1.3,15,15,31,30,40,0,3
153099,1,1,1,450,1500,4,30,1.3,15,15,31,30,40,0,3
153099,1,1,1,450,1500,4,30,1.3,15,15,31,30,40,0,3
154107,1,1,1,450,1500,4,30,1.3,15,15,31,30,40,0,3
154107,1,1,1,450,1500,4,30,1.3,15,15,31,30,40,0,3
155113,1,1,1,450,1500,4,30,1.3,15,15,31,30,40,0,3
155113,1,1,1,450,1500,4,30,1.3,15,15,31,30,40,0,3
156114,1,1,1,450,1500,4,30,1.3,15,15,31,30,40,0,3
156114,1,1,1,450,1500,4,30,1.3,15,15,31,30,40,0,3
157121,1,1,1,450,1500,4,30,1.3,15,15,31,30,40,0,3
157121,1,1,1,450,1500,4,30,1.3,15,15,31,30,40,0,3
158133,1,1,1,450,1500,4,30,1.3,15,15,31,30,40,0,3
158133,1,1,1,450,1500,4,30,1.3,15,15,31,30,40,0,3
159136,1,1,1,450,1500,4,30,1.3,15,15,31,30,40,0,3
159136,1,1,1,450,1500,4,30,1.3,15,15,31,30,40,0,3
160141,1,1,1,450,1500,4,30,1.3,15,15,32,30,40,0,3
160141,1,1,1,450,1500,4,30,1.3,15,15,32,30,40,0,3
160141,1,1,1,450,1500,4,30,1.3,15,15,32,30,40,0,3
161147,1,1,1,450,1500,4,30,1.3,15,15,33,30,40,0,3
161147,1,1,1,450,1500,4,30,1.3,15,15,33,30,40,0,3
161147,1,1,1,450,1500,4,30,1.3,15,15,33,30,40,0,3
162150,1,1,1,450,1500,4,30,1.3,15,15,34,30,40,0,3
162150,1,1,1,450,1500,4,30,1.3,15,15,34,30,40,0,3
162150,1,1,1,450,1500,4,30,1.3,15,15,34,30,40,0,3
163151,1,1,1,450,1500,4,30,1.3,15,15,35,30,40,0,3
163151,1,1,1,450,1500,4,30,1.3,15,15,35,30,40,0,3
163151,1,1,1,450,1500,4,30,1.3,15,15,35,30,40,0,3
164155,1,1,1,450,1500,4,30,1.3,15,15,36,30,40,0,3
164155,1,1,1,450,1500,4,30,1.3,15,15,36,30,40,0,3
164155,1,1,1,450,1500,4,30,1.3,15,15,36,30,40,0,3
165158,1,1,1,450,1500,4,30,1.3,15,15,37,30,40,0,3
165158,1,1,1,450,1500,4,30,1.3,15,15,37,30,40,0,3
165158,1,1,1,450,1500,4,30,1.3,15,15,37,30,40,0,3
166164,1,1,1,450,1500,4,30,1.3,15,15,37,30,40,0,3
166164,1,1,1,450,1500,4,30,1.3,15,15,37,30,40,0,3
167169,1,1,1,450,1500,4,30,1.3,15,15,37,30,40,0,3
167169,1,1,1,450,1500,4,30,1.3,15,15,37,30,40,0,3
168183,1,1,1,450,1500,4,30,1.3,15,15,38,30,40,0,3
168183,1,1,1,450,1500,4,30,1.3,15,15,38,30,40,0,3
168183,1,1,1,450,1500,4,30,1.3,15,15,38,30,40,0,3
169188,1,1,1,450,1500,4,30,1.3,15,15,38,30,40,0,3
169188,1,1,1,450,1500,4,30,1.3,15,15,38,30,40,0,3
170188,1,1,1,450,1500,4,30,1.3,15,14,40,30,40,0,3
170188,1,1,1,450,1500,4,30,1.3,15,15,40,30,40,0,3
170188,1,1,1,450,1500,4,30,1.3,15,15,40,30,40,0,3
170188,1,1,1,450,1500,4,30,1.3,15,15,40,30,40,0,3
171193,1,1,1,450,1500,4,30,1.3,15,15,41,30,40,0,3
171193,1,1,1,450,1500,4,30,1.3,15,15,41,30,40,0,3
171193,1,1,1,450,1500,4,30,1.3,15,15,41,30,40,0,3
172196,1,1,1,450,1500,4,30,1.3,15,15,42,30,40,0,3
172196,1,1,1,450,1500,4,30,1.3,15,15,42,30,40,0,3
172196,1,1,1,450,1500,4,30,1.3,15,15,42,30,40,0,3
173205,1,1,1,450,1500,4,30,1.3,15,15,42,30,40,0,3
173205,1,1,1,450,1500,4,30,1.3,15,15,42,30,40,0,3
174204,1,1,1,450,1500,4,30,1.3,15,15,42,30,40,0,3
174204,1,1,1,450,1500,4,30,1.3,15,15,42,30,40,0,3
175214,1,1,1,450,1500,4,30,1.3,15,15,42,30,40,0,3
175214,1,1,1,450,1500,4,30,1.3,15,15,42,30,40,0,3
176216,1,1,1,450,1500,4,30,1.3,15,14,43,30,40,0,3
176216,1,1,1,450,1500,4,30,1.3,15,14,43,30,40,0,3
177224,1,1,1,450,1500,4,30,1.3,15,12,45,30,40,0,3
177224,1,1,1,450,1500,4,30,1.3,15,12,45,30,40,0,3
178230,1,1,1,450,1500,4,30,1.3,15,12,45,30,40,0,3
178230,1,1,1,450,1500,4,30,1.3,15,12,45,30,40,0,3
179231,1,1,1,450,1500,4,30,1.3,15,12,45,30,40,0,3
179231,1,1,1,450,1500,4,30,1.3,15,12,45,30,40,0,3
180234,1,1,1,450,1500,4,30,1.3,15,11,46,30,40,0,3
180234,1,1,1,450,1500,4,30,1.3,15,11,46,30,40,0,3
181241,1,1,1,450,1500,4,30,1.3,15,9,48,30,40,0,3
181241,1,1,1,450,1500,4,30,1.3,15,9,48,30,40,0,3
182244,1,1,1,450,1500,4,30,1.3,15,8,49,30,40,0,3
182244,1,1,1,450,1500,4,30,1.3,15,8,49,30,40,0,3
183258,1,1,1,450,1500,4,30,1.3,15,8,49,30,40,0,3
183258,1,1,1,450,1500,4,30,1.3,15,8,49,30,40,0,3
184253,1,1,1,450,1500,4,30,1.3,15,7,50,30,40,0,3
184253,1,1,1,450,1500,4,30,1.3,15,7,50,30,40,0,3
185263,1,1,1,450,1500,4,30,1.3,15,7,50,30,40,0,3
185263,1,1,1,450,1500,4,30,1.3,15,7,50,30,40,0,3
186269,1,1,1,450,1500,4,30,1.3,15,6,51,30,40,0,3
186269,1,1,1,450,1500,4,30,1.3,15,6,51,30,40,0,3
187268,1,1,1,450,1500,4,30,1.3,15,5,52,30,40,0,3
187268,1,1,1,450,1500,4,30,1.3,15,5,52,30,40,0,3
188277,1,1,1,450,1500,4,30,1.3,15,5,52,30,40,0,3
188277,1,1,1,450,1500,4,30,1.3,15,5,52,30,40,0,3
189280,1,1,1,450,1500,4,30,1.3,15,5,52,30,40,0,3
189280,1,1,1,450,1500,4,30,1.3,15,5,52,30,40,0,3
190288,1,1,1,450,1500,4,30,1.3,15,5,52,30,40,0,3
190288,1,1,1,450,1500,4,30,1.3,15,5,52,30,40,0,3
191290,1,1,1,450,1500,4,30,1.3,15,5,52,30,40,0,3
191290,1,1,1,450,1500,4,30,1.3,15,5,52,30,40,0,3
192293,1,1,1,450,1500,4,30,1.3,15,5,52,30,40,0,3
192293,1,1,1,450,1500,4,30,1.3,15,5,52,30,40,0,3
193300,1,1,1,450,1500,4,30,1.3,15,5,52,30,40,0,3
193300,1,1,1,450,1500,4,30,1.3,15,5,52,30,40,0,3
194312,1,1,1,450,1500,4,30,1.3,15,4,53,30,40,0,3
194312,1,1,1,450,1500,4,30,1.3,15,4,53,30,40,0,3
195315,1,1,1,450,1500,4,30,1.3,15,4,53,30,40,0,3
195315,1,1,1,450,1500,4,30,1.3,15,4,53,30,40,0,3
196322,1,1,1,450,1500,4,30,1.3,15,4,53,30,40,0,3
196322,1,1,1,450,1500,4,30,1.3,15,4,53,30,40,0,3
197319,1,1,1,450,1500,4,30,1.3,15,4,53,30,40,0,3
197319,1,1,1,450,1500,4,30,1.3,15,4,53,30,40,0,3
198323,1,1,1,450,1500,4,30,1.3,15,4,53,30,40,0,3
198323,1,1,1,450,1500,4,30,1.3,15,4,53,30,40,0,3
199333,1,1,1,450,1500,4,30,1.3,15,4,53,30,40,0,3
199333,1,1,1,450,1500,4,30,1.3,15,4,53,30,40,0,3
200335,1,1,1,450,1500,4,30,1.3,15,4,53,30,40,0,3
200335,1,1,1,450,1500,4,30,1.3,15,4,53,30,40,0,3
201340,1,1,1,450,1500,4,30,1.3,15,4,53,30,40,0,3
201340,1,1,1,450,1500,4,30,1.3,15,4,53,30,40,0,3
202347,1,1,1,450,1500,4,30,1.3,15,4,53,30,40,0,3
202347,1,1,1,450,1500,4,30,1.3,15,4,53,30,40,0,3
203353,1,1,1,450,1500,4,30,1.3,15,3,54,30,40,0,3
203353,1,1,1,450,1500,4,30,1.3,15,3,54,30,40,0,3
204358,1,1,1,450,1500,4,30,1.3,15,3,54,30,40,0,3
204358,1,1,1,450,1500,4,30,1.3,15,3,54,30,40,0,3
205365,1,1,1,450,1500,4,30,1.3,15,3,54,30,40,0,3
205365,1,1,1,450,1500,4,30,1.3,15,3,54,30,40,0,3
206363,1,1,1,450,1500,4,30,1.3,15,2,55,30,40,0,3
206363,1,1,1,450,1500,4,30,1.3,15,2,55,30,40,0,3
207374,1,1,1,450,1500,4,30,1.3,15,2,55,30,40,0,3
207374,1,1,1,450,1500,4,30,1.3,15,2,55,30,40,0,3
208377,1,1,1,450,1500,4,30,1.3,15,1,56,30,40,0,3
208377,1,1,1,450,1500,4,30,1.3,15,1,56,30,40,0,3
209384,1,1,1,450,1500,4,30,1.3,15,1,56,30,40,0,3
209384,1,1,1,450,1500,4,30,1.3,15,1,56,30,40,0,3
210388,1,1,1,450,1500,5,30,1.3,15,0,57,30,40,0,3
210388,1,1,1,450,1500,5,30,1.3,22,0,57,30,40,0,3
210388,1,1,1,450,1500,5,83,1.3,22,0,57,30,40,0,3
210388,1,1,1,450,1500,5,83,1.3,22,0,57,30,40,0,3
210388,1,1,1,450,1500,5,83,1.3,22,0,57,30,40,0,3
220388,1,1,1,450,1500,5,83,1.3,22,1,57,30,40,0,3
220388,1,1,1,450,1500,5,83,1.3,22,2,57,30,40,0,3
220388,1,1,1,450,1500,5,83,1.3,22,3,57,30,40,0,3
220388,1,1,1,450,1500,5,83,1.3,22,4,57,30,40,0,3
220388,1,1,1,450,1500,5,83,1.3,22,5,57,30,40,0,3
220388,1,1,1,450,1500,5,83,1.3,22,6,57,30,40,0,3
220388,1,1,1,450,1500,5,83,1.3,22,7,57,30,40,0,3
220388,1,1,1,450,1500,5,83,1.3,22,8,57,30,40,0,3
220388,1,1,1,450,1500,5,83,1.3,22,9,57,30,40,0,3
220388,1,1,1,450,1500,5,83,1.3,22,10,57,30,40,0,3
220388,1,1,1,450,1500,5,83,1.3,22,11,57,30,40,0,3
220388,1,1,1,450,1500,5,83,1.3,22,12,57,30,40,0,3
220388,1,1,1,450,1500,5,83,1.3,22,13,57,30,40,0,3
220388,1,1,1,450,1500,5,83,1.3,22,14,57,30,40,0,3
220388,1,1,1,450,1500,5,83,1.3,22,15,57,30,40,0,3
220388,1,1,1,450,1500,5,83,1.3,22,16,57,30,40,0,3
220388,1,1,1,450,1500,5,83,1.3,22,17,57,30,40,0,3
220388,1,1,1,450,1500,5,83,1.3,22,18,57,30,40,0,3
220388,1,1,1,450,1500,5,83,1.3,22,19,57,30,40,0,3
220388,1,1,1,450,1500,5,83,1.3,22,20,57,30,40,0,3
220388,1,1,1,450,1500,5,83,1.3,22,21,57,30,40,0,3
220388,1,1,1,450,1500,5,83,1.3,22,22,57,30,40,0,3
220388,1,1,1,450,1500,5,83,1.3,22,22,57,30,40,0,3
220388,1,1,1,450,1500,5,83,1.3,22,22,57,30,40,0,3
221393,1,1,1,450,1500,5,83,1.3,22,22,57,30,40,0,3
221393,1,1,1,450,1500,5,83,1.3,22,22,57,30,40,0,3
222399,1,1,1,450,1500,5,83,1.3,22,22,57,30,40,0,3
222399,1,1,1,450,1500,5,83,1.3,22,22,57,30,40,0,3
223402,1,1,1,450,1500,5,83,1.3,22,22,58,30,40,0,3
223403,1,1,1,450,1500,5,83,1.3,22,22,58,30,40,0,3
223403,1,1,1,450,1500,5,83,1.3,22,22,58,30,40,0,3
224414,1,1,1,450,1500,5,83,1.3,22,21,60,30,40,0,3
224414,1,1,1,450,1500,5,83,1.3,22,22,60,30,40,0,3
224414,1,1,1,450,1500,5,83,1.3,22,22,60,30,40,0,3
224414,1,1,1,450,1500,5,83,1.3,22,22,60,30,40,0,3
225418,1,1,1,450,1500,5,83,1.3,22,22,60,30,40,0,3
225418,1,1,1,450,1500,5,83,1.3,22,22,60,30,40,0,3
226420,1,1,1,450,1500,5,83,1.3,22,22,60,30,40,0,3
226420,1,1,1,450,1500,5,83,1.3,22,22,60,30,40,0,3
227424,1,1,1,450,1500,5,83,1.3,22,22,60,30,40,0,3
227424,1,1,1,450,1500,5,83,1.3,22,22,60,30,40,0,3
228431,1,1,1,450,1500,5,83,1.3,22,22,60,30,40,0,3
228431,1,1,1,450,1500,5,83,1.3,22,22,60,30,40,0,3
229437,1,1,1,450,1500,5,83,1.3,22,22,60,30,40,0,3
229437,1,1,1,450,1500,5,83,1.3,22,22,60,30,40,0,3
230440,1,1,1,450,1500,5,83,1.3,22,22,61,30,40,0,3
230440,1,1,1,450,1500,5,83,1.3,22,22,61,30,40,0,3
230440,1,1,1,450,1500,5,83,1.3,22,22,61,30,40,0,3
231452,1,1,1,450,1500,5,83,1.3,22,22,61,30,40,0,3
231452,1,1,1,450,1500,5,83,1.3,22,22,61,30,40,0,3
232457,1,1,1,450,1500,5,83,1.3,22,22,62,30,40,0,3
232457,1,1,1,450,1500,5,83,1.3,22,22,62,30,40,0,3
232457,1,1,1,450,1500,5,83,1.3,22,22,62,30,40,0,3
233456,1,1,1,450,1500,5,83,1.3,22,22,62,30,40,0,3
233456,1,1,1,450,1500,5,83,1.3,22,22,62,30,40,0,3
234465,1,1,1,450,1500,5,83,1.3,22,22,63,30,40,0,3
234465,1,1,1,450,1500,5,83,1.3,22,22,63,30,40,0,3
234465,1,1,1,450,1500,5,83,1.3,22,22,63,30,40,0,3
235472,1,1,1,450,1500,5,83,1.3,22,21,65,30,40,0,3
235472,1,1,1,450,1500,5,83,1.3,22,22,65,30,40,0,3
235472,1,1,1,450,1500,5,83,1.3,22,22,65,30,40,0,3
235472,1,1,1,450,1500,5,83,1.3,22,22,65,30,40,0,3
236473,1,1,1,450,1500,5,83,1.3,22,22,65,30,40,0,3
236473,1,1,1,450,1500,5,83,1.3,22,22,65,30,40,0,3
237480,1,1,1,450,1500,5,83,1.3,22,22,66,30,40,0,3
237480,1,1,1,450,1500,5,83,1.3,22,22,66,30,40,0,3
237480,1,1,1,450,1500,5,83,1.3,22,22,66,30,40,0,3
238484,1,1,1,450,1500,5,83,1.3,22,22,67,30,40,0,3
238484,1,1,1,450,1500,5,83,1.3,22,22,67,30,40,0,3
238484,1,1,1,450,1500,5,83,1.3,22,22,67,30,40,0,3
239495,1,1,1,450,1500,5,83,1.3,22,22,68,30,40,0,3
239495,1,1,1,450,1500,5,83,1.3,22,22,68,30,40,0,3
239495,1,1,1,450,1500,5,83,1.3,22,22,68,30,40,0,3
240497,1,1,1,450,1500,5,83,1.3,22,22,68,30,40,0,3
240497,1,1,1,450,1500,5,83,1.3,22,22,68,30,40,0,3
241497,1,1,1,450,1500,5,83,1.3,22,22,68,30,40,0,3
241497,1,1,1,450,1500,5,83,1.3,22,22,68,30,40,0,3
242507,1,1,1,450,1500,5,83,1.3,22,22,68,30,40,0,3
242507,1,1,1,450,1500,5,83,1.3,22,22,68,30,40,0,3
243503,1,1,1,450,1500,5,83,1.3,22,22,68,30,40,0,3
243503,1,1,1,450,1500,5,83,1.3,22,22,68,30,40,0,3
244519,1,1,1,450,1500,5,83,1.3,22,16,75,30,40,0,3
244519,1,1,1,450,1500,5,83,1.3,22,17,75,30,40,0,3
244519,1,1,1,450,1500,5,83,1.3,22,18,75,30,40,0,3
244519,1,1,1,450,1500,5,83,1.3,22,19,75,30,40,0,3
244519,1,1,1,450,1500,5,83,1.3,22,20,75,30,40,0,3
244519,1,1,1,450,1500,5,83,1.3,22,21,75,30,40,0,3
244519,1,1,1,450,1500,5,83,1.3,22,22,75,30,40,0,3
244519,1,1,1,450,1500,5,83,1.3,22,22,75,30,40,0,3
244519,1,1,1,450,1500,5,83,1.3,22,22,75,30,40,0,3
245526,1,1,1,450,1500,5,83,1.3,22,22,75,30,40,0,3
245526,1,1,1,450,1500,5,83,1.3,22,22,75,30,40,0,3
246526,1,1,1,450,1500,5,83,1.3,22,22,75,30,40,0,3
246526,1,1,1,450,1500,5,83,1.3,22,22,75,30,40,0,3
247538,1,1,1,450,1500,5,83,1.3,22,22,76,30,40,0,3
247538,1,1,1,450,1500,5,83,1.3,22,22,76,30,40,0,3
247538,1,1,1,450,1500,5,83,1.3,22,22,76,30,40,0,3
248530,1,1,1,450,1500,5,83,1.3,22,22,77,30,40,0,3
248530,1,1,1,450,1500,5,83,1.3,22,22,77,30,40,0,3
248530,1,1,1,450,1500,5,83,1.3,22,22,77,30,40,0,3
249535,1,1,1,450,1500,5,83,1.3,22,22,77,30,40,1,3
254563,1,1,1,450,1500,5,83,1.3,22,22,78,30,40,1,3
255575,1,1,1,450,1500,5,83,1.3,22,22,79,30,40,1,3
256569,1,1,1,450,1500,5,83,1.3,22,22,80,30,40,1,3
256569,1,1,1,450,1500,5,83,1.3,22,22,80,30,40,1,3
258583,1,1,1,450,1500,5,83,1.3,22,22,81,30,40,1,3
262604,1,1,1,450,1500,5,83,1.3,22,22,82,30,40,1,3
263604,1,1,1,450,1500,5,83,1.3,22,22,83,30,40,1,3
265624,1,1,1,450,1500,5,83,1.3,22,22,84,30,40,1,3
266626,1,1,1,450,1500,5,83,1.3,22,22,85,30,40,1,3
267625,1,1,1,450,1500,5,83,1.3,22,22,86,30,40,1,3
269635,1,1,1,450,1500,5,83,1.3,22,22,87,30,40,1,3
285068,0,1,1,300,1000,1,5,1.3,5,0,0,30,30,0,0
285068,0,1,1,300,1000,1,5,1.3,5,0,0,30,30,0,0
285068,0,1,1,300,1000,1,5,1.3,5,0,0,30,30,0,0
285068,0,1,1,300,1000,1,5,1.3,5,0,0,30,30,0,0
285068,0,1,1,300,1000,1,5,1.3,5,0,0,30,30,0,0
285068,0,1,1,300,1000,1,5,1.3,5,0,0,30,30,0,0
290063,0,1,1,300,1000,1,5,1.3,5,1,0,30,30,0,2
290063,0,1,1,300,1000,1,5,1.3,5,1,0,30,30,1,2
291067,0,1,1,300,1000,1,5,1.3,5,2,0,30,30,1,2
292073,0,1,1,300,1000,1,5,1.3,5,3,0,30,30,1,2
293080,0,1,1,300,1000,1,5,1.3,5,4,0,30,30,1,2
294083,0,1,1,300,1000,1,5,1.3,5,4,1,30,30,1,2
297099,0,1,1,300,1000,1,5,1.3,5,4,1,30,30,1,2
308156,0,1,1,300,1000,2,5,1.3,5,0,5,30,30,1,2
308157,0,1,1,300,1000,2,5,1.3,7,0,5,30,30,1,2
308157,0,1,1,300,1000,2,8,1.3,7,0,5,30,30,1,2
318160,0,1,1,300,1000,2,8,1.3,7,1,5,30,30,1,2
318160,0,1,1,300,1000,2,8,1.3,7,2,5,30,30,1,2
319163,0,1,1,300,1000,2,8,1.3,7,3,5,30,30,1,2
319163,0,1,1,300,1000,2,8,1.3,7,4,5,30,30,1,2
320168,0,1,1,300,1000,2,8,1.3,7,5,5,30,30,1,2
320168,0,1,1,300,1000,2,8,1.3,7,6,5,30,30,1,2
321178,0,1,1,300,1000,2,8,1.3,7,7,5,30,30,1,2
329215,0,1,1,300,1000,2,8,1.3,7,7,6,30,30,1,2
350319,0,1,1,300,1000,2,8,1.3,7,1,12,30,30,0,2
350319,0.4559638,1,1.322815,300,1000,2,8,1.3,7,1,12,30,30,0,2
351323,0.4190308,1,1.390761,300,1000,2,8,1.3,7,1,12,30,30,0,2
352329,0.4303956,1,1.369121,300,1000,2,8,1.3,7,1,12,30,30,0,2
353337,0.4303956,1,1.369121,300,1000,3,8,1.3,7,0,13,30,30,0,2
353337,0.4303956,1,1.369121,300,1000,3,8,1.3,10,0,13,30,30,0,2
353337,0.4303956,1,1.369121,300,1000,3,14,1.3,10,0,13,30,30,0,2
353337,0.4616476,1,1.312943,300,1000,3,14,1.3,10,0,13,30,30,0,2
363341,0.4616476,1,1.312943,300,1000,3,14,1.3,10,1,13,30,30,0,2
363341,0.4616476,1,1.312943,300,1000,3,14,1.3,10,2,13,30,30,0,2
363341,0.4616476,1,1.312943,300,1000,3,14,1.3,10,3,13,30,30,0,2
363341,0.4616476,1,1.312943,300,1000,3,14,1.3,10,4,13,30,30,0,2
363341,1,1,0.7692308,300,1000,3,14,1.3,10,4,13,30,30,0,2
364351,1,1,0.7692308,300,1000,3,14,1.3,10,5,13,30,30,0,2
364351,1,1,0.7692308,300,1000,3,14,1.3,10,6,13,30,30,0,2
364351,1,1,0.7692308,300,1000,3,14,1.3,10,7,13,30,30,0,2
364351,1,1,0.7692308,300,1000,3,14,1.3,10,8,13,30,30,0,2
364351,1,1,0.7692308,300,1000,3,14,1.3,10,8,13,30,30,0,2
365347,0.9332421,1,0.8108708,300,1000,3,14,1.3,10,8,13,30,30,0,2
366358,0.8181842,1,0.894307,300,1000,3,14,1.3,10,8,13,30,30,0,2
367363,0.8181842,1,0.894307,300,1000,3,14,1.3,10,9,13,30,30,0,2
367363,0.6946036,1,1.005426,300,1000,3,14,1.3,10,9,13,30,30,0,2
368363,0.6946036,1,1.005426,300,1000,3,14,1.3,10,10,13,30,30,0,2
368363,0.6278417,1,1.07777,300,1000,3,14,1.3,10,10,13,30,30,0,2
369371,0.6278417,1,1.07777,300,1000,3,14,1.3,10,10,14,30,30,0,2
369371,0.6732969,1,1.027436,300,1000,3,14,1.3,10,10,14,30,30,0,2
370380,0.8096611,1,0.901176,300,1000,3,14,1.3,10,10,14,30,30,0,2
371379,1,1,0.7692308,300,1000,3,14,1.3,10,9,15,30,30,0,2
372387,1,1,0.7692308,300,1000,3,14,1.3,10,9,15,30,30,0,2
373388,1,1,0.7692308,300,1000,3,14,1.3,10,9,15,30,30,0,2
374398,1,1,0.7692308,300,1000,3,14,1.3,10,8,16,30,30,0,2
375405,1,1,0.7692308,300,1000,3,14,1.3,10,8,16,30,30,0,2
376406,1,1,0.7692308,300,1000,3,14,1.3,10,8,16,30,30,0,2
377409,1,1,0.7692308,300,1000,3,14,1.3,10,8,17,30,30,0,2
377409,1,1,0.7692308,300,1000,3,14,1.3,10,8,17,30,30,0,2
378416,1,1,0.7692308,300,1000,3,14,1.3,10,8,18,30,30,0,2
378416,1,1,0.7692308,300,1000,3,14,1.3,10,8,18,30,30,0,2
379426,1,1,0.7692308,300,1000,3,14,1.3,10,8,19,30,30,0,2
379426,1,1,0.7692308,300,1000,3,14,1.3,10,8,19,30,30,0,2
380427,1,1,0.7692308,300,1000,3,14,1.3,10,8,19,30,30,0,2
381433,1,1,0.7692308,300,1000,3,14,1.3,10,7,20,30,30,0,2
382440,1,1,0.7692308,300,1000,3,14,1.3,10,6,21,30,30,0,2
383439,1,1,0.7692308,300,1000,3,14,1.3,10,6,21,30,30,0,2
384443,1,1,0.7692308,300,1000,3,14,1.3,10,6,21,30,30,0,2
385448,1,1,0.7692308,300,1000,3,14,1.3,10,5,22,30,30,0,2
386454,1,1,0.7692308,300,1000,3,14,1.3,10,5,22,30,30,0,2
387463,1,1,0.7692308,300,1000,3,14,1.3,10,5,22,30,30,0,2
388468,1,1,0.7692308,300,1000,3,14,1.3,10,5,22,30,30,0,2
389477,1,1,0.7692308,300,1000,3,14,1.3,10,5,22,30,30,0,2
390475,1,1,0.7692308,300,1000,3,14,1.3,10,5,22,30,30,0,2
391478,1,1,0.7692308,300,1000,3,14,1.3,10,4,23,30,30,0,2
392485,1,1,0.7692308,300,1000,3,14,1.3,10,4,23,30,30,0,2
393492,1,1,0.7692308,300,1000,3,14,1.3,10,4,23,30,30,0,2
394496,1,1,0.7692308,300,1000,3,14,1.3,10,3,24,30,30,0,2
395501,1,1,0.7692308,300,1000,3,14,1.3,10,3,24,30,30,0,2
396502,1,1,0.7692308,300,1000,3,14,1.3,10,3,24,30,30,0,2
397512,1,1,0.7692308,300,1000,3,14,1.3,10,3,24,30,30,0,2
398518,1,1,0.7692308,300,1000,3,14,1.3,10,2,25,30,30,0,2
399521,1,1,0.7692308,300,1000,3,14,1.3,10,2,25,30,30,0,2
400526,1,1,0.7692308,300,1000,3,14,1.3,10,1,26,30,30,0,2
401529,1,1,0.7692308,300,1000,3,14,1.3,10,1,26,30,30,0,2
402534,1,1,0.7692308,300,1000,3,14,1.3,10,1,26,30,30,0,2
403541,1,1,0.7692308,300,1000,4,14,1.3,10,0,27,30,30,0,2
403541,1,1,0.7692308,300,1000,4,14,1.3,15,0,27,30,30,0,2
403541,1,1,0.7692308,300,1000,4,30,1.3,15,0,27,30,30,0,2
403541,1,1,0.7692308,300,1000,4,30,1.3,15,0,27,30,30,0,2
413545,1,1,0.7692308,300,1000,4,30,1.3,15,1,27,30,30,0,2
413545,1,1,0.7692308,300,1000,4,30,1.3,15,2,27,30,30,0,2
413545,1,1,0.7692308,300,1000,4,30,1.3,15,3,27,30,30,0,2
413545,1,1,0.7692308,300,1000,4,30,1.3,15,4,27,30,30,0,2
413545,1,1,0.7692308,300,1000,4,30,1.3,15,5,27,30,30,0,2
413545,1,1,0.7692308,300,1000,4,30,1.3,15,6,27,30,30,0,2
413545,1,1,0.7692308,300,1000,4,30,1.3,15,7,27,30,30,0,2
413545,1,1,0.7692308,300,1000,4,30,1.3,15,8,27,30,30,0,2
413545,1,1,0.7692308,300,1000,4,30,1.3,15,9,27,30,30,0,2
413545,1,1,0.7692308,300,1000,4,30,1.3,15,9,27,30,30,0,2
414550,1,1,0.7692308,300,1000,4,30,1.3,15,10,27,30,30,0,2
414550,1,1,0.7692308,300,1000,4,30,1.3,15,11,27,30,30,0,2
414550,1,1,0.7692308,300,1000,4,30,1.3,15,12,27,30,30,0,2
414550,1,1,0.7692308,300,1000,4,30,1.3,15,12,27,30,30,0,2
415558,1,1,0.7692308,300,1000,4,30,1.3,15,12,27,30,30,0,2
416563,1,1,0.7692308,300,1000,4,30,1.3,15,10,30,30,30,0,2
416563,1,1,0.7692308,300,1000,4,30,1.3,15,11,30,30,30,0,2
416563,1,1,0.7692308,300,1000,4,30,1.3,15,12,30,30,30,0,2
416563,1,1,0.7692308,300,1000,4,30,1.3,15,12,30,30,30,0,2
417566,1,1,0.7692308,300,1000,4,30,1.3,15,11,32,30,30,0,2
417566,1,1,0.7692308,300,1000,4,30,1.3,15,12,32,30,30,0,2
417566,1,1,0.7692308,300,1000,4,30,1.3,15,12,32,30,30,0,2
418574,1,1,0.7692308,300,1000,4,30,1.3,15,12,33,30,30,0,2
418574,1,1,0.7692308,300,1000,4,30,1.3,15,12,33,30,30,0,2
419578,1,1,0.7692308,300,1000,4,30,1.3,15,12,33,30,30,0,2
420581,1,1,0.7692308,300,1000,4,30,1.3,15,12,33,30,30,0,2
421584,1,1,0.7692308,300,1000,4,30,1.3,15,12,33,30,30,0,2
422589,1,1,0.7692308,300,1000,4,30,1.3,15,12,33,30,30,0,2
423595,1,1,0.7692308,300,1000,4,30,1.3,15,12,33,30,30,0,2
424600,1,1,0.7692308,300,1000,4,30,1.3,15,11,35,30,30,0,2
424600,1,1,0.7692308,300,1000,4,30,1.3,15,12,35,30,30,0,2
424600,1,1,0.7692308,300,1000,4,30,1.3,15,12,35,30,30,0,2
425603,1,1,0.7692308,300,1000,4,30,1.3,15,12,35,30,30,0,2
426614,1,1,0.7692308,300,1000,4,30,1.3,15,12,35,30,30,0,2
427613,1,1,0.7692308,300,1000,4,30,1.3,15,12,35,30,30,0,2
428619,1,1,0.7692308,300,1000,4,30,1.3,15,12,35,30,30,0,2
429626,1,1,0.7692308,300,1000,4,30,1.3,15,12,36,30,30,0,2
429626,1,1,0.7692308,300,1000,4,30,1.3,15,12,36,30,30,0,2
430638,1,1,0.7692308,300,1000,4,30,1.3,15,12,36,30,30,0,2
431634,1,1,0.7692308,300,1000,4,30,1.3,15,12,36,30,30,0,2
432643,1,1,0.7692308,300,1000,4,30,1.3,15,12,37,30,30,0,2
432643,1,1,0.7692308,300,1000,4,30,1.3,15,12,37,30,30,0,2
433646,1,1,0.7692308,300,1000,4,30,1.3,15,12,38,30,30,0,2
433646,1,1,0.7692308,300,1000,4,30,1.3,15,12,38,30,30,0,2
434648,1,1,0.7692308,300,1000,4,30,1.3,15,12,38,30,30,0,2
435653,1,1,0.7692308,300,1000,4,30,1.3,15,12,38,30,30,0,2
436662,1,1,0.7692308,300,1000,4,30,1.3,15,12,38,30,30,0,2
437671,1,1,0.7692308,300,1000,4,30,1.3,15,12,38,30,30,0,2
438670,1,1,0.7692308,300,1000,4,30,1.3,15,12,39,30,30,0,2
438670,1,1,0.7692308,300,1000,4,30,1.3,15,12,39,30,30,0,2
439675,1,1,0.7692308,300,1000,4,30,1.3,15,12,39,30,30,0,2
440686,1,1,0.7692308,300,1000,4,30,1.3,15,12,39,30,30,0,2
441692,1,1,0.7692308,300,1000,4,30,1.3,15,12,40,30,30,0,2
441692,1,1,0.7692308,300,1000,4,30,1.3,15,12,40,30,30,0,2
442691,1,1,0.7692308,300,1000,4,30,1.3,15,12,41,30,30,0,2
442692,1,1,0.7692308,300,1000,4,30,1.3,15,12,41,30,30,0,2
443698,1,1,0.7692308,300,1000,4,30,1.3,15,12,42,30,30,0,2
443698,1,1,0.7692308,300,1000,4,30,1.3,15,12,42,30,30,0,2
444700,1,1,0.7692308,300,1000,4,30,1.3,15,12,42,30,30,0,2
445713,1,1,0.7692308,300,1000,4,30,1.3,15,11,44,30,30,0,2
445713,1,1,0.7692308,300,1000,4,30,1.3,15,12,44,30,30,0,2
445713,1,1,0.7692308,300,1000,4,30,1.3,15,12,44,30,30,0,2
446708,1,1,0.7692308,300,1000,4,30,1.3,15,12,44,30,30,0,2
447723,1,1,0.7692308,300,1000,4,30,1.3,15,12,45,30,30,0,2
447723,1,1,0.7692308,300,1000,4,30,1.3,15,12,45,30,30,0,2
448721,1,1,0.7692308,300,1000,4,30,1.3,15,12,45,30,30,0,2
449723,1,1,0.7692308,300,1000,4,30,1.3,15,12,45,30,30,0,2
450728,1,1,0.7692308,300,1000,4,30,1.3,15,12,45,30,30,0,2
451738,1,1,0.7692308,300,1000,4,30,1.3,15,11,46,30,30,0,2
452741,1,1,0.7692308,300,1000,4,30,1.3,15,11,46,30,30,0,2
453749,1,1,0.7692308,300,1000,4,30,1.3,15,6,51,30,30,0,2
454751,1,1,0.7692308,300,1000,4,30,1.3,15,6,51,30,30,0,2
455760,1,1,0.7692308,300,1000,4,30,1.3,15,6,51,30,30,0,2
456762,1,1,0.7692308,300,1000,4,30,1.3,15,5,52,30,30,0,2
457768,1,1,0.7692308,300,1000,4,30,1.3,15,4,53,30,30,0,2
458770,1,1,0.7692308,300,1000,4,30,1.3,15,4,53,30,30,0,2
459775,1,1,0.7692308,300,1000,4,30,1.3,15,4,53,30,30,0,2
460782,1,1,0.7692308,300,1000,4,30,1.3,15,3,54,30,30,0,2
461788,1,1,0.7692308,300,1000,4,30,1.3,15,3,54,30,30,0,2
462797,1,1,0.7692308,300,1000,4,30,1.3,15,3,54,30,30,0,2
463793,1,1,0.7692308,300,1000,4,30,1.3,15,3,54,30,30,0,2
464798,1,1,0.7692308,300,1000,4,30,1.3,15,2,55,30,30,0,2
465809,1,1,0.7692308,300,1000,4,30,1.3,15,2,55,30,30,0,2
466809,1,1,0.7692308,300,1000,4,30,1.3,15,2,55,30,30,0,2
467813,1,1,0.7692308,300,1000,4,30,1.3,15,2,55,30,30,0,2
468822,1,1,0.7692308,300,1000,4,30,1.3,15,2,55,30,30,0,2
469827,1,1,0.7692308,300,1000,4,30,1.3,15,2,55,30,30,0,2
470832,1,1,0.7692308,300,1000,4,30,1.3,15,1,56,30,30,0,2
471842,1,1,0.7692308,300,1000,4,30,1.3,15,1,56,30,30,0,2
472841,1,1,0.7692308,300,1000,4,30,1.3,15,1,56,30,30,0,2
473849,1,1,0.7692308,300,1000,4,30,1.3,15,1,56,30,30,0,2
474848,1,1,0.7692308,300,1000,4,30,1.3,15,1,56,30,30,0,2
475853,1,1,0.7692308,300,1000,4,30,1.3,15,1,56,30,30,0,2
476859,1,1,0.7692308,300,1000,4,30,1.3,15,1,56,30,30,0,2
477869,1,1,0.7692308,300,1000,4,30,1.3,15,1,56,30,30,0,2
478871,1,1,0.7692308,300,1000,4,30,1.3,15,1,56,30,30,0,2
479878,1,1,0.7692308,300,1000,4,30,1.3,15,1,56,30,30,0,2
480880,1,1,0.7692308,300,1000,4,30,1.3,15,1,56,30,30,0,2
481882,1,1,0.7692308,300,1000,5,30,1.3,15,0,57,30,30,0,2
481882,1,1,0.7692308,300,1000,5,30,1.3,22,0,57,30,30,0,2
481882,1,1,0.7692308,300,1000,5,83,1.3,22,0,57,30,30,0,2
481882,1,1,0.7692308,300,1000,5,83,1.3,22,0,57,30,30,0,2
491896,1,1,0.7692308,300,1000,5,83,1.3,22,1,57,30,30,0,2
491896,1,1,0.7692308,300,1000,5,83,1.3,22,2,57,30,30,0,2
491896,1,1,0.7692308,300,1000,5,83,1.3,22,3,57,30,30,0,2
491896,1,1,0.7692308,300,1000,5,83,1.3,22,4,57,30,30,0,2
491896,1,1,0.7692308,300,1000,5,83,1.3,22,5,57,30,30,0,2
491896,1,1,0.7692308,300,1000,5,83,1.3,22,6,57,30,30,0,2
491896,1,1,0.7692308,300,1000,5,83,1.3,22,7,57,30,30,0,2
491896,1,1,0.7692308,300,1000,5,83,1.3,22,8,57,30,30,0,2
491896,1,1,0.7692308,300,1000,5,83,1.3,22,9,57,30,30,0,2
491896,1,1,0.7692308,300,1000,5,83,1.3,22,10,57,30,30,0,2
491896,1,1,0.7692308,300,1000,5,83,1.3,22,11,57,30,30,0,2
491896,1,1,0.7692308,300,1000,5,83,1.3,22,12,57,30,30,0,2
491896,1,1,0.7692308,300,1000,5,83,1.3,22,13,57,30,30,0,2
491896,1,1,0.7692308,300,1000,5,83,1.3,22,14,57,30,30,0,2
491896,1,1,0.7692308,300,1000,5,83,1.3,22,15,57,30,30,0,2
491896,1,1,0.7692308,300,1000,5,83,1.3,22,16,57,30,30,0,2
491896,1,1,0.7692308,300,1000,5,83,1.3,22,17,57,30,30,0,2
491896,1,1,0.7692308,300,1000,5,83,1.3,22,17,57,30,30,0,2
492898,1,1,0.7692308,300,1000,5,83,1.3,22,17,57,30,30,0,2
493902,1,1,0.7692308,300,1000,5,83,1.3,22,17,58,30,30,0,2
493902,1,1,0.7692308,300,1000,5,83,1.3,22,17,58,30,30,0,2
494909,1,1,0.7692308,300,1000,5,83,1.3,22,17,59,30,30,0,2
494909,1,1,0.7692308,300,1000,5,83,1.3,22,17,59,30,30,0,2
495911,1,1,0.7692308,300,1000,5,83,1.3,22,17,60,30,30,0,2
495911,1,1,0.7692308,300,1000,5,83,1.3,22,17,60,30,30,0,2
496918,1,1,0.7692308,300,1000,5,83,1.3,22,17,60,30,30,0,2
497923,1,1,0.7692308,300,1000,5,83,1.3,22,17,60,30,30,0,2
498927,1,1,0.7692308,300,1000,5,83,1.3,22,17,61,30,30,0,2
498927,1,1,0.7692308,300,1000,5,83,1.3,22,17,61,30,30,0,2
499932,1,1,0.7692308,300,1000,5,83,1.3,22,17,62,30,30,0,2
499932,1,1,0.7692308,300,1000,5,83,1.3,22,17,62,30,30,0,2
500933,1,1,0.7692308,300,1000,5,83,1.3,22,17,63,30,30,0,2
500933,1,1,0.7692308,300,1000,5,83,1.3,22,17,63,30,30,0,2
501939,1,1,0.7692308,300,1000,5,83,1.3,22,17,63,30,30,0,2
502944,1,1,0.7692308,300,1000,5,83,1.3,22,17,63,30,30,0,2
503951,1,1,0.7692308,300,1000,5,83,1.3,22,17,64,30,30,0,2
503951,1,1,0.7692308,300,1000,5,83,1.3,22,17,64,30,30,0,2
504958,1,1,0.7692308,300,1000,5,83,1.3,22,17,64,30,30,0,2
505958,1,1,0.7692308,300,1000,5,83,1.3,22,17,64,30,30,0,2
506962,1,1,0.7692308,300,1000,5,83,1.3,22,17,64,30,30,0,2
507969,1,1,0.7692308,300,1000,5,83,1.3,22,17,65,30,30,0,2
507969,1,1,0.7692308,300,1000,5,83,1.3,22,17,65,30,30,0,2
508977,1,1,0.7692308,300,1000,5,83,1.3,22,16,67,30,30,0,2
508977,1,1,0.7692308,300,1000,5,83,1.3,22,17,67,30,30,0,2
508977,1,1,0.7692308,300,1000,5,83,1.3,22,17,67,30,30,0,2
509991,1,1,0.7692308,300,1000,5,83,1.3,22,17,67,30,30,0,2
510991,1,1,0.7692308,300,1000,5,83,1.3,22,17,67,30,30,0,2
511997,1,1,0.7692308,300,1000,5,83,1.3,22,17,68,30,30,0,2
511997,1,1,0.7692308,300,1000,5,83,1.3,22,17,68,30,30,0,2
513001,1,1,0.7692308,300,1000,5,83,1.3,22,17,68,30,30,0,2
514007,1,1,0.7692308,300,1000,5,83,1.3,22,17,69,30,30,0,2
514007,1,1,0.7692308,300,1000,5,83,1.3,22,17,69,30,30,0,2
515008,1,1,0.7692308,300,1000,5,83,1.3,22,17,69,30,30,0,2
516012,1,1,0.7692308,300,1000,5,83,1.3,22,17,69,30,30,0,2
517020,1,1,0.7692308,300,1000,5,83,1.3,22,17,70,30,30,0,2
517020,1,1,0.7692308,300,1000,5,83,1.3,22,17,70,30,30,0,2
518021,1,1,0.7692308,300,1000,5,83,1.3,22,17,70,30,30,0,2
519032,1,1,0.7692308,300,1000,5,83,1.3,22,17,71,30,30,0,2
519032,1,1,0.7692308,300,1000,5,83,1.3,22,17,71,30,30,0,2
520040,1,1,0.7692308,300,1000,5,83,1.3,22,17,72,30,30,0,2
520040,1,1,0.7692308,300,1000,5,83,1.3,22,17,72,30,30,0,2
521036,1,1,0.7692308,300,1000,5,83,1.3,22,16,74,30,30,0,2
521036,1,1,0.7692308,300,1000,5,83,1.3,22,17,74,30,30,0,2
521036,1,1,0.7692308,300,1000,5,83,1.3,22,17,74,30,30,0,2
522052,1,1,0.7692308,300,1000,5,83,1.3,22,17,75,30,30,0,2
522052,1,1,0.7692308,300,1000,5,83,1.3,22,17,75,30,30,0,2
523049,1,1,0.7692308,300,1000,5,83,1.3,22,17,76,30,30,0,2
523049,1,1,0.7692308,300,1000,5,83,1.3,22,17,76,30,30,0,2
524053,1,1,0.7692308,300,1000,5,83,1.3,22,17,77,30,30,0,2
524053,1,1,0.7692308,300,1000,5,83,1.3,22,17,77,30,30,0,2
525064,1,1,0.7692308,300,1000,5,83,1.3,22,17,77,30,30,0,2
526060,1,1,0.7692308,300,1000,5,83,1.3,22,16,79,30,30,0,2
526060,1,1,0.7692308,300,1000,5,83,1.3,22,17,79,30,30,0,2
526060,1,1,0.7692308,300,1000,5,83,1.3,22,17,79,30,30,0,2
527067,1,1,0.7692308,300,1000,5,83,1.3,22,17,79,30,30,0,2
528070,1,1,0.7692308,300,1000,5,83,1.3,22,16,81,30,30,0,2
528070,1,1,0.7692308,300,1000,5,83,1.3,22,17,81,30,30,0,2
528070,1,1,0.7692308,300,1000,5,83,1.3,22,17,81,30,30,0,2
529087,1,1,0.7692308,300,1000,5,83,1.3,22,17,82,30,30,0,2
529087,1,1,0.7692308,300,1000,5,83,1.3,22,17,82,30,30,0,2
530080,1,1,0.7692308,300,1000,5,83,1.3,22,17,82,30,30,0,2
531083,1,1,0.7692308,300,1000,5,83,1.3,22,17,83,30,30,0,2
531083,1,1,0.7692308,300,1000,5,83,1.3,22,17,83,30,30,1,2
532090,1,1,0.7692308,300,1000,5,83,1.3,22,17,84,30,30,1,2
536117,1,1,0.7692308,300,1000,5,83,1.3,22,17,85,30,30,1,2
538128,1,1,0.7692308,300,1000,5,83,1.3,22,17,85,30,30,1,2
543148,1,1,0.7692308,300,1000,5,83,1.3,22,17,86,30,30,1,2
545157,1,1,0.7692308,300,1000,5,83,1.3,22,17,87,30,30,1,2
546162,1,1,0.7692308,300,1000,5,83,1.3,22,17,88,30,30,1,2
547169,1,1,0.7692308,300,1000,5,83,1.3,22,17,89,30,30,1,2
548177,1,1,0.7692308,300,1000,5,83,1.3,22,17,90,30,30,1,2
553204,1,1,0.7692308,300,1000,5,83,1.3,22,10,98,30,30,1,2
553204,1,1,0.7692308,300,1000,5,83,1.3,22,11,98,30,30,1,2
553204,1,1,0.7692308,300,1000,5,83,1.3,22,12,98,30,30,1,2
553204,1,1,0.7692308,300,1000,5,83,1.3,22,13,98,30,30,1,2
553204,1,1,0.7692308,300,1000,5,83,1.3,22,14,98,30,30,1,2
553204,1,1,0.7692308,300,1000,5,83,1.3,22,15,98,30,30,1,2
553204,1,1,0.7692308,300,1000,5,83,1.3,22,16,98,30,30,1,2
553204,1,1,0.7692308,300,1000,5,83,1.3,22,17,98,30,30,1,2
554200,1,1,0.7692308,300,1000,5,83,1.3,22,17,99,30,30,1,2
555212,1,1,0.7692308,300,1000,5,83,1.3,22,17,100,30,30,1,2
556215,1,1,0.7692308,300,1000,5,83,1.3,22,17,101,30,30,1,2
562239,1,1,0.7692308,300,1000,5,83,1.3,22,16,103,30,30,1,2
562239,1,1,0.7692308,300,1000,5,83,1.3,22,17,103,30,30,1,2
567267,1,1,0.7692308,300,1000,5,83,1.3,22,17,104,30,30,1,2
571288,1,1,0.7692308,300,1000,5,83,1.3,22,17,105,30,30,1,2
573297,1,1,0.7692308,300,1000,5,83,1.3,22,17,106,30,30,1,2
575318,1,1,0.7692308,300,1000,5,83,1.3,22,17,107,30,30,1,2
576316,1,1,0.7692308,300,1000,5,83,1.3,22,17,108,30,30,1,2
578333,1,1,0.7692308,300,1000,5,83,1.3,22,17,109,30,30,1,2
579330,1,1,0.7692308,300,1000,5,83,1.3,22,16,111,30,30,1,2
579330,1,1,0.7692308,300,1000,5,83,1.3,22,17,111,30,30,1,2
585368,1,1,0.7692308,300,1000,5,83,1.3,22,17,112,30,30,1,2
586363,1,1,0.7692308,300,1000,5,83,1.3,22,17,113,30,30,1,2
587371,1,1,0.7692308,300,1000,5,83,1.3,22,17,114,30,30,1,2
591390,1,1,0.7692308,300,1000,5,83,1.3,22,17,115,30,30,1,2
591390,1,1,0.7692308,300,1000,5,83,1.3,22,17,115,30,30,0,2
591390,0.7317748,1,0.9692037,300,1000,5,83,1.3,22,17,115,30,30,0,2
592392,0.7317748,1,0.9692037,300,1000,5,83,1.3,22,18,115,30,30,0,2
592392,0.7317748,1,0.9692037,300,1000,5,83,1.3,22,19,115,30,30,0,2
592392,0.7317748,1,0.9692037,300,1000,5,83,1.3,22,20,115,30,30,0,2
592392,0.822921,1,0.8905346,300,1000,5,83,1.3,22,20,115,30,30,0,2
593398,0.9778692,1,0.7825527,300,1000,5,83,1.3,22,19,116,30,30,0,2
594398,1,1,0.7692308,300,1000,5,83,1.3,22,19,116,30,30,0,2
595404,1,1,0.7692308,300,1000,5,83,1.3,22,18,117,30,30,0,2
596416,1,1,0.7692308,300,1000,5,83,1.3,22,17,118,30,30,0,2
597417,1,1,0.7692308,300,1000,5,83,1.3,22,17,118,30,30,0,2
598423,1,1,0.7692308,300,1000,5,83,1.3,22,17,118,30,30,0,2
599427,0.8385455,1,0.8783136,300,1000,5,83,1.3,22,17,118,30,30,0,2
600430,0.8385455,1,0.8783136,300,1000,5,83,1.3,22,17,119,30,30,0,2
600430,0.8385455,1,0.8783136,300,1000,5,83,1.3,22,18,119,30,30,0,2
600430,0.8385455,1,0.8783136,300,1000,5,83,1.3,22,19,119,30,30,0,2
600430,0.77865,1,0.9270848,300,1000,5,83,1.3,22,19,119,30,30,0,2
601440,0.77865,1,0.9270848,300,1000,5,83,1.3,22,19,120,30,30,0,2
601440,0.7721398,1,0.9327141,300,1000,5,83,1.3,22,19,120,30,30,0,2
602446,0.7721398,1,0.9327141,300,1000,5,83,1.3,22,19,121,30,30,0,2
602446,0.802088,1,0.9073686,300,1000,5,83,1.3,22,19,121,30,30,0,2
603459,0.869797,1,0.8548492,300,1000,5,83,1.3,22,18,122,30,30,0,2
604450,0.8867233,1,0.8426564,300,1000,5,83,1.3,22,18,122,30,30,0,2
605459,0.9023481,1,0.8317059,300,1000,5,83,1.3,22,18,122,30,30,0,2
606464,0.998703,1,0.769999,300,1000,5,83,1.3,22,17,123,30,30,0,2
607468,1,1,0.7692308,300,1000,5,83,1.3,22,17,123,30,30,0,2
608474,1,1,0.7692308,300,1000,5,83,1.3,22,16,124,30,30,0,2
609512,1,1,0.7692308,300,1000,5,83,1.3,22,15,125,30,30,0,2
610489,1,1,0.7692308,300,1000,5,83,1.3,22,14,126,30,30,0,2
611492,1,1,0.7692308,300,1000,5,83,1.3,22,14,126,30,30,0,2
612510,1,1,0.7692308,300,1000,5,83,1.3,22,13,127,30,30,0,2
613494,1,1,0.7692308,300,1000,5,83,1.3,22,13,127,30,30,0,2
614512,1,1,0.7692308,300,1000,5,83,1.3,22,12,128,30,30,0,2
615511,1,1,0.7692308,300,1000,5,83,1.3,22,12,128,30,30,0,2
616513,1,1,0.7692308,300,1000,5,83,1.3,22,12,128,30,30,0,2
617521,1,1,0.7692308,300,1000,5,83,1.3,22,12,128,30,30,0,2
618525,1,1,0.7692308,300,1000,5,83,1.3,22,11,129,30,30,0,2
619526,1,1,0.7692308,300,1000,5,83,1.3,22,11,129,30,30,0,2
620529,1,1,0.7692308,300,1000,5,83,1.3,22,11,129,30,30,0,2
621538,1,1,0.7692308,300,1000,5,83,1.3,22,10,130,30,30,0,2
622547,1,1,0.7692308,300,1000,5,83,1.3,22,9,131,30,30,0,2
623559,1,1,0.7692308,300,1000,5,83,1.3,22,9,131,30,30,0,2
624550,1,1,0.7692308,300,1000,5,83,1.3,22,9,131,30,30,0,2
625554,1,1,0.7692308,300,1000,5,83,1.3,22,9,131,30,30,0,2
902830,0,1,1,300,1000,1,5,1.3,5,0,0,30,30,0,0
902830,0,1,1,300,1000,1,5,1.3,5,0,0,30,30,0,0
902830,0,1,1,300,1000,1,5,1.3,5,0,0,30,30,0,0
902830,0,1,1,300,1000,1,5,1.3,5,0,0,30,30,0,0
902830,0,1,1,300,1000,1,5,1.3,5,0,0,30,30,0,0
902830,0,1,1,300,1000,1,5,1.3,5,0,0,30,30,0,0
907824,0,1,1,300,1000,1,5,1.3,5,1,0,30,30,0,1
907824,0,1,1,300,1000,1,5,1.3,5,1,0,30,30,1,1
908832,0,1,1,300,1000,1,5,1.3,5,2,0,30,30,1,1
909834,0,1,1,300,1000,1,5,1.3,5,3,0,30,30,1,1
910842,0,1,1,300,1000,1,5,1.3,5,4,0,30,30,1,1
911846,0,1,1,300,1000,1,5,1.3,5,5,0,30,30,1,1
914859,0,1,1,300,1000,1,5,1.3,5,5,0,30,30,1,1
935968,0,1,1,300,1000,2,5,1.3,5,0,5,30,30,1,1
935968,0,1,1,300,1000,2,5,1.3,7,0,5,30,30,1,1
935968,0,1,1,300,1000,2,8,1.3,7,0,5,30,30,1,1
945970,0,1,1,300,1000,2,8,1.3,7,1,5,30,30,1,1
945970,0,1,1,300,1000,2,8,1.3,7,2,5,30,30,1,1
946974,0,1,1,300,1000,2,8,1.3,7,3,5,30,30,1,1
946974,0,1,1,300,1000,2,8,1.3,7,4,5,30,30,1,1
947981,0,1,1,300,1000,2,8,1.3,7,5,5,30,30,1,1
947981,0,1,1,300,1000,2,8,1.3,7,6,5,30,30,1,1
948985,0,1,1,300,1000,2,8,1.3,7,7,5,30,30,1,1
950995,0,1,1,300,1000,2,8,1.3,7,7,6,30,30,1,1
968079,0,1,1,300,1000,2,8,1.3,7,2,11,30,30,0,1
968079,0.3104155,1.413956,1,300,1000,2,8,1.3,7,2,11,30,30,0,1
968079,0.3104155,1.413956,1,300,1000,2,8,1.3,7,2,11,33.79169,30,0,1
969083,0.5156245,1.885936,1,300,1000,2,8,1.3,7,1,12,33.79169,30,0,1
969083,0.5156245,1.885936,1,300,1000,2,8,1.3,7,1,12,29.68751,30,0,1
970088,0.7302083,2.379479,1,300,1000,2,8,1.3,7,1,12,29.68751,30,0,1
970088,0.7302083,2.379479,1,300,1000,2,8,1.3,7,1,12,25.39583,30,0,1
971094,0.8427079,2.638228,1,300,1000,2,8,1.3,7,1,12,25.39583,30,0,1
971094,0.8427079,2.638228,1,300,1000,2,8,1.3,7,1,12,23.14584,30,0,1
972102,0.8124997,2.568749,1,300,1000,2,8,1.3,7,1,12,23.14584,30,0,1
972102,0.8124997,2.568749,1,300,1000,2,8,1.3,7,1,12,23.75001,30,0,1
973106,0.8364577,2.623853,1,300,1000,2,8,1.3,7,1,12,23.75001,30,0,1
973106,0.8364577,2.623853,1,300,1000,2,8,1.3,7,1,12,23.27085,30,0,1
974113,0.9572917,2.901771,1,300,1000,2,8,1.3,7,1,12,23.27085,30,0,1
974113,0.9572917,2.901771,1,300,1000,2,8,1.3,7,1,12,20.85417,30,0,1
975112,0.9572917,2.901771,1,300,1000,3,8,1.3,7,0,13,20.85417,30,0,1
975112,0.9572917,2.901771,1,300,1000,3,8,1.3,10,0,13,20.85417,30,0,1
975112,0.9572917,2.901771,1,300,1000,3,14,1.3,10,0,13,20.85417,30,0,1
975112,1,3,1,300,1000,3,14,1.3,10,0,13,20.85417,30,0,1
975112,1,3,1,300,1000,3,14,1.3,10,0,13,20,30,0,1
985122,1,3,1,300,1000,3,14,1.3,10,1,13,20,30,0,1
985122,1,3,1,300,1000,3,14,1.3,10,2,13,20,30,0,1
985122,1,3,1,300,1000,3,14,1.3,10,3,13,20,30,0,1
985122,1,3,1,300,1000,3,14,1.3,10,4,13,20,30,0,1
985122,1,3,1,300,1000,3,14,1.3,10,4,13,20,30,0,1
985122,1,3,1,300,1000,3,14,1.3,10,4,13,20,30,0,1
986124,1,3,1,300,1000,3,14,1.3,10,5,13,20,30,0,1
986124,1,3,1,300,1000,3,14,1.3,10,6,13,20,30,0,1
986124,1,3,1,300,1000,3,14,1.3,10,7,13,20,30,0,1
986124,1,3,1,300,1000,3,14,1.3,10,8,13,20,30,0,1
986124,1,3,1,300,1000,3,14,1.3,10,8,13,20,30,0,1
986124,1,3,1,300,1000,3,14,1.3,10,8,13,20,30,0,1
987128,1,3,1,300,1000,3,14,1.3,10,9,13,20,30,0,1
987128,1,3,1,300,1000,3,14,1.3,10,10,13,20,30,0,1
987128,0.8979174,2.76521,1,300,1000,3,14,1.3,10,10,13,20,30,0,1
987128,0.8979174,2.76521,1,300,1000,3,14,1.3,10,10,13,22.04165,30,0,1
988137,0.8979174,2.76521,1,300,1000,3,14,1.3,10,10,14,22.04165,30,0,1
988137,0.8375004,2.626251,1,300,1000,3,14,1.3,10,10,14,22.04165,30,0,1
988137,0.8375004,2.626251,1,300,1000,3,14,1.3,10,10,14,23.24999,30,0,1
989139,0.7854178,2.506461,1,300,1000,3,14,1.3,10,10,14,23.24999,30,0,1
989139,0.7854178,2.506461,1,300,1000,3,14,1.3,10,10,14,24.29165,30,0,1
990150,0.7520842,2.429794,1,300,1000,3,14,1.3,10,10,14,24.29165,30,0,1
990150,0.7520842,2.429794,1,300,1000,3,14,1.3,10,10,14,24.95832,30,0,1
991148,0.7520842,2.429794,1,300,1000,3,14,1.3,10,10,15,24.95832,30,0,1
991148,0.7593756,2.446564,1,300,1000,3,14,1.3,10,10,15,24.95832,30,0,1
991148,0.7593756,2.446564,1,300,1000,3,14,1.3,10,10,15,24.81249,30,0,1
992153,0.8208338,2.587918,1,300,1000,3,14,1.3,10,10,15,24.81249,30,0,1
992153,0.8208338,2.587918,1,300,1000,3,14,1.3,10,10,15,23.58332,30,0,1
993158,1,3,1,300,1000,3,14,1.3,10,10,15,23.58332,30,0,1
993158,1,3,1,300,1000,3,14,1.3,10,10,15,20,30,0,1
994168,1,3,1,300,1000,3,14,1.3,10,10,15,20,30,0,1
994168,1,3,1,300,1000,3,14,1.3,10,10,15,20,30,0,1
995169,1,3,1,300,1000,3,14,1.3,10,10,16,20,30,0,1
995169,1,3,1,300,1000,3,14,1.3,10,10,16,20,30,0,1
995169,1,3,1,300,1000,3,14,1.3,10,10,16,20,30,0,1
996174,1,3,1,300,1000,3,14,1.3,10,10,16,20,30,0,1
996174,1,3,1,300,1000,3,14,1.3,10,10,16,20,30,0,1
997185,1,3,1,300,1000,3,14,1.3,10,10,16,20,30,0,1
997185,1,3,1,300,1000,3,14,1.3,10,10,16,20,30,0,1
998187,1,3,1,300,1000,3,14,1.3,10,10,16,20,30,0,1
998187,1,3,1,300,1000,3,14,1.3,10,10,16,20,30,0,1
999194,1,3,1,300,1000,3,14,1.3,10,10,16,20,30,0,1
999194,1,3,1,300,1000,3,14,1.3,10,10,16,20,30,0,1
1000199,1,3,1,300,1000,3,14,1.3,10,10,17,20,30,0,1
1000199,1,3,1,300,1000,3,14,1.3,10,10,17,20,30,0,1
1000199,1,3,1,300,1000,3,14,1.3,10,10,17,20,30,0,1
1001205,1,3,1,300,1000,3,14,1.3,10,10,17,20,30,0,1
1001205,1,3,1,300,1000,3,14,1.3,10,10,17,20,30,0,1
1002213,1,3,1,300,1000,3,14,1.3,10,10,17,20,30,0,1
1002213,1,3,1,300,1000,3,14,1.3,10,10,17,20,30,0,1
1003208,1,3,1,300,1000,3,14,1.3,10,10,17,20,30,0,1
1003209,1,3,1,300,1000,3,14,1.3,10,10,17,20,30,0,1
1004213,1,3,1,300,1000,3,14,1.3,10,10,17,20,30,0,1
1004213,1,3,1,300,1000,3,14,1.3,10,10,17,20,30,0,1
1005221,1,3,1,300,1000,3,14,1.3,10,10,17,20,30,0,1
1005221,1,3,1,300,1000,3,14,1.3,10,10,17,20,30,0,1
1006229,1,3,1,300,1000,3,14,1.3,10,10,17,20,30,0,1
1006229,1,3,1,300,1000,3,14,1.3,10,10,17,20,30,0,1
1007232,1,3,1,300,1000,3,14,1.3,10,10,17,20,30,0,1
1007232,1,3,1,300,1000,3,14,1.3,10,10,17,20,30,0,1
1008233,1,3,1,300,1000,3,14,1.3,10,10,17,20,30,0,1
1008233,1,3,1,300,1000,3,14,1.3,10,10,17,20,30,0,1
1009241,1,3,1,300,1000,3,14,1.3,10,7,20,20,30,0,1
1009241,1,3,1,300,1000,3,14,1.3,10,7,20,20,30,0,1
1010245,1,3,1,300,1000,3,14,1.3,10,7,20,20,30,0,1
1010245,1,3,1,300,1000,3,14,1.3,10,7,20,20,30,0,1
1011249,1,3,1,300,1000,3,14,1.3,10,7,20,20,30,0,1
1011250,1,3,1,300,1000,3,14,1.3,10,7,20,20,30,0,1
1012256,1,3,1,300,1000,3,14,1.3,10,7,20,20,30,0,1
1012256,1,3,1,300,1000,3,14,1.3,10,7,20,20,30,0,1
1013262,1,3,1,300,1000,3,14,1.3,10,7,20,20,30,0,1
1013262,1,3,1,300,1000,3,14,1.3,10,7,20,20,30,0,1
1014269,1,3,1,300,1000,3,14,1.3,10,6,21,20,30,0,1
1014270,1,3,1,300,1000,3,14,1.3,10,6,21,20,30,0,1
1015273,1,3,1,300,1000,3,14,1.3,10,6,21,20,30,0,1
1015273,1,3,1,300,1000,3,14,1.3,10,6,21,20,30,0,1
1016279,1,3,1,300,1000,3,14,1.3,10,6,21,20,30,0,1
1016279,1,3,1,300,1000,3,14,1.3,10,6,21,20,30,0,1
1017281,1,3,1,300,1000,3,14,1.3,10,6,21,20,30,0,1
1017281,1,3,1,300,1000,3,14,1.3,10,6,21,20,30,0,1
1018291,1,3,1,300,1000,3,14,1.3,10,6,21,20,30,0,1
1018291,1,3,1,300,1000,3,14,1.3,10,6,21,20,30,0,1
1019291,1,3,1,300,1000,3,14,1.3,10,5,22,20,30,0,1
1019291,1,3,1,300,1000,3,14,1.3,10,5,22,20,30,0,1
1020298,1,3,1,300,1000,3,14,1.3,10,5,22,20,30,0,1
1020298,1,3,1,300,1000,3,14,1.3,10,5,22,20,30,0,1
1021301,1,3,1,300,1000,3,14,1.3,10,5,22,20,30,0,1
1021301,1,3,1,300,1000,3,14,1.3,10,5,22,20,30,0,1
1022305,1,3,1,300,1000,3,14,1.3,10,3,24,20,30,0,1
1022305,1,3,1,300,1000,3,14,1.3,10,3,24,20,30,0,1
1023313,1,3,1,300,1000,3,14,1.3,10,2,25,20,30,0,1
1023313,1,3,1,300,1000,3,14,1.3,10,2,25,20,30,0,1
1024323,1,3,1,300,1000,3,14,1.3,10,2,25,20,30,0,1
1024324,1,3,1,300,1000,3,14,1.3,10,2,25,20,30,0,1
1025321,1,3,1,300,1000,3,14,1.3,10,2,25,20,30,0,1
1025321,1,3,1,300,1000,3,14,1.3,10,2,25,20,30,0,1
1026323,1,3,1,300,1000,3,14,1.3,10,2,25,20,30,0,1
1026323,1,3,1,300,1000,3,14,1.3,10,2,25,20,30,0,1
1027331,1,3,1,300,1000,3,14,1.3,10,2,25,20,30,0,1
1027331,1,3,1,300,1000,3,14,1.3,10,2,25,20,30,0,1
1028336,1,3,1,300,1000,3,14,1.3,10,2,25,20,30,0,1
1028336,1,3,1,300,1000,3,14,1.3,10,2,25,20,30,0,1
1029340,1,3,1,300,1000,3,14,1.3,10,2,25,20,30,0,1
1029340,1,3,1,300,1000,3,14,1.3,10,2,25,20,30,0,1
1030347,1,3,1,300,1000,3,14,1.3,10,2,25,20,30,0,1
1030347,1,3,1,300,1000,3,14,1.3,10,2,25,20,30,0,1
1031348,1,3,1,300,1000,3,14,1.3,10,2,25,20,30,0,1
1031348,1,3,1,300,1000,3,14,1.3,10,2,25,20,30,0,1
1032355,1,3,1,300,1000,3,14,1.3,10,2,25,20,30,0,1
1032355,1,3,1,300,1000,3,14,1.3,10,2,25,20,30,0,1
1033363,1,3,1,300,1000,3,14,1.3,10,2,25,20,30,0,1
1033363,1,3,1,300,1000,3,14,1.3,10,2,25,20,30,0,1
1034369,1,3,1,300,1000,3,14,1.3,10,2,25,20,30,0,1
1034369,1,3,1,300,1000,3,14,1.3,10,2,25,20,30,0,1
1035370,1,3,1,300,1000,4,14,1.3,10,0,27,20,30,0,1
1035370,1,3,1,300,1000,4,14,1.3,15,0,27,20,30,0,1
1035370,1,3,1,300,1000,4,30,1.3,15,0,27,20,30,0,1
1035370,1,3,1,300,1000,4,30,1.3,15,0,27,20,30,0,1
1035370,1,3,1,300,1000,4,30,1.3,15,0,27,20,30,0,1
1045375,1,3,1,300,1000,4,30,1.3,15,1,27,20,30,0,1
1045375,1,3,1,300,1000,4,30,1.3,15,2,27,20,30,0,1
1045375,1,3,1,300,1000,4,30,1.3,15,3,27,20,30,0,1
1045375,1,3,1,300,1000,4,30,1.3,15,4,27,20,30,0,1
1045375,1,3,1,300,1000,4,30,1.3,15,5,27,20,30,0,1
1045375,1,3,1,300,1000,4,30,1.3,15,6,27,20,30,0,1
1045375,1,3,1,300,1000,4,30,1.3,15,7,27,20,30,0,1
1045376,1,3,1,300,1000,4,30,1.3,15,8,27,20,30,0,1
1045376,1,3,1,300,1000,4,30,1.3,15,9,27,20,30,0,1
1045376,1,3,1,300,1000,4,30,1.3,15,9,27,20,30,0,1
1045376,1,3,1,300,1000,4,30,1.3,15,9,27,20,30,0,1
1046382,1,3,1,300,1000,4,30,1.3,15,10,27,20,30,0,1
1046382,1,3,1,300,1000,4,30,1.3,15,11,27,20,30,0,1
1046382,1,3,1,300,1000,4,30,1.3,15,12,27,20,30,0,1
1046382,1,3,1,300,1000,4,30,1.3,15,13,27,20,30,0,1
1046382,1,3,1,300,1000,4,30,1.3,15,14,27,20,30,0,1
1046382,1,3,1,300,1000,4,30,1.3,15,15,27,20,30,0,1
1046382,1,3,1,300,1000,4,30,1.3,15,15,27,20,30,0,1
1046382,1,3,1,300,1000,4,30,1.3,15,15,27,20,30,0,1
1047383,1,3,1,300,1000,4,30,1.3,15,15,27,20,30,0,1
1047383,1,3,1,300,1000,4,30,1.3,15,15,27,20,30,0,1
1048393,1,3,1,300,1000,4,30,1.3,15,15,27,20,30,0,1
1048393,1,3,1,300,1000,4,30,1.3,15,15,27,20,30,0,1
1049393,1,3,1,300,1000,4,30,1.3,15,15,27,20,30,0,1
1049393,1,3,1,300,1000,4,30,1.3,15,15,27,20,30,0,1
1050399,1,3,1,300,1000,4,30,1.3,15,15,27,20,30,0,1
1050399,1,3,1,300,1000,4,30,1.3,15,15,27,20,30,0,1
1051405,1,3,1,300,1000,4,30,1.3,15,15,27,20,30,0,1
1051405,1,3,1,300,1000,4,30,1.3,15,15,27,20,30,0,1
1052412,1,3,1,300,1000,4,30,1.3,15,15,27,20,30,0,1
1052412,1,3,1,300,1000,4,30,1.3,15,15,27,20,30,0,1
1053418,1,3,1,300,1000,4,30,1.3,15,15,28,20,30,0,1
1053418,1,3,1,300,1000,4,30,1.3,15,15,28,20,30,0,1
1053418,1,3,1,300,1000,4,30,1.3,15,15,28,20,30,0,1
1054419,1,3,1,300,1000,4,30,1.3,15,15,28,20,30,0,1
1054419,1,3,1,300,1000,4,30,1.3,15,15,28,20,30,0,1
1055426,1,3,1,300,1000,4,30,1.3,15,15,28,20,30,0,1
1055426,1,3,1,300,1000,4,30,1.3,15,15,28,20,30,0,1
1056434,1,3,1,300,1000,4,30,1.3,15,15,29,20,30,0,1
1056434,1,3,1,300,1000,4,30,1.3,15,15,29,20,30,0,1
1056434,1,3,1,300,1000,4,30,1.3,15,15,29,20,30,0,1
1057436,1,3,1,300,1000,4,30,1.3,15,15,29,20,30,0,1
1057436,1,3,1,300,1000,4,30,1.3,15,15,29,20,30,0,1
1058444,1,3,1,300,1000,4,30,1.3,15,15,29,20,30,0,1
1058444,1,3,1,300,1000,4,30,1.3,15,15,29,20,30,0,1
1059443,1,3,1,300,1000,4,30,1.3,15,15,29,20,30,0,1
1059443,1,3,1,300,1000,4,30,1.3,15,15,29,20,30,0,1
1060452,1,3,1,300,1000,4,30,1.3,15,15,30,20,30,0,1
1060452,1,3,1,300,1000,4,30,1.3,15,15,30,20,30,0,1
1060452,1,3,1,300,1000,4,30,1.3,15,15,30,20,30,0,1
1061458,1,3,1,300,1000,4,30,1.3,15,15,30,20,30,0,1
1061458,1,3,1,300,1000,4,30,1.3,15,15,30,20,30,0,1
1062460,1,3,1,300,1000,4,30,1.3,15,14,32,20,30,0,1
1062460,1,3,1,300,1000,4,30,1.3,15,15,32,20,30,0,1
1062460,1,3,1,300,1000,4,30,1.3,15,15,32,20,30,0,1
1062460,1,3,1,300,1000,4,30,1.3,15,15,32,20,30,0,1
1063466,1,3,1,300,1000,4,30,1.3,15,15,33,20,30,0,1
1063466,1,3,1,300,1000,4,30,1.3,15,15,33,20,30,0,1
1063466,1,3,1,300,1000,4,30,1.3,15,15,33,20,30,0,1
1064471,1,3,1,300,1000,4,30,1.3,15,15,34,20,30,0,1
1064471,1,3,1,300,1000,4,30,1.3,15,15,34,20,30,0,1
1064471,1,3,1,300,1000,4,30,1.3,15,15,34,20,30,0,1
1065475,1,3,1,300,1000,4,30,1.3,15,15,35,20,30,0,1
1065475,1,3,1,300,1000,4,30,1.3,15,15,35,20,30,0,1
1065475,1,3,1,300,1000,4,30,1.3,15,15,35,20,30,0,1
1066485,1,3,1,300,1000,4,30,1.3,15,15,35,20,30,0,1
1066485,1,3,1,300,1000,4,30,1.3,15,15,35,20,30,0,1
1067490,1,3,1,300,1000,4,30,1.3,15,15,36,20,30,0,1
1067490,1,3,1,300,1000,4,30,1.3,15,15,36,20,30,0,1
1067490,1,3,1,300,1000,4,30,1.3,15,15,36,20,30,0,1
1068491,1,3,1,300,1000,4,30,1.3,15,15,36,20,30,0,1
1068491,1,3,1,300,1000,4,30,1.3,15,15,36,20,30,0,1
1069497,1,3,1,300,1000,4,30,1.3,15,14,38,20,30,0,1
1069497,1,3,1,300,1000,4,30,1.3,15,15,38,20,30,0,1
1069497,1,3,1,300,1000,4,30,1.3,15,15,38,20,30,0,1
1069497,1,3,1,300,1000,4,30,1.3,15,15,38,20,30,0,1
1070500,1,3,1,300,1000,4,30,1.3,15,15,39,20,30,0,1
1070500,1,3,1,300,1000,4,30,1.3,15,15,39,20,30,0,1
1070500,1,3,1,300,1000,4,30,1.3,15,15,39,20,30,0,1
1071507,1,3,1,300,1000,4,30,1.3,15,15,39,20,30,0,1
1071507,1,3,1,300,1000,4,30,1.3,15,15,39,20,30,0,1
1072508,1,3,1,300,1000,4,30,1.3,15,15,40,20,30,0,1
1072509,1,3,1,300,1000,4,30,1.3,15,15,40,20,30,0,1
1072509,1,3,1,300,1000,4,30,1.3,15,15,40,20,30,0,1
1073516,1,3,1,300,1000,4,30,1.3,15,15,40,20,30,0,1
1073516,1,3,1,300,1000,4,30,1.3,15,15,40,20,30,0,1
1074527,1,3,1,300,1000,4,30,1.3,15,15,41,20,30,0,1
1074527,1,3,1,300,1000,4,30,1.3,15,15,41,20,30,0,1
1074527,1,3,1,300,1000,4,30,1.3,15,15,41,20,30,0,1
1075527,1,3,1,300,1000,4,30,1.3,15,15,41,20,30,0,1
1075527,1,3,1,300,1000,4,30,1.3,15,15,41,20,30,0,1
1076529,1,3,1,300,1000,4,30,1.3,15,15,41,20,30,0,1
1076529,1,3,1,300,1000,4,30,1.3,15,15,41,20,30,0,1
1077536,1,3,1,300,1000,4,30,1.3,15,15,41,20,30,0,1
1077536,1,3,1,300,1000,4,30,1.3,15,15,41,20,30,0,1
1287685,0,1,1,300,1000,1,5,1.3,5,0,0,30,30,0,0
1287685,0,1,1,300,1000,1,5,1.3,5,0,0,30,30,0,0
1287685,0,1,1,300,1000,1,5,1.3,5,0,0,30,30,0,0
1287685,0,1,1,300,1000,1,5,1.3,5,0,0,30,30,0,0
1287685,0,1,1,300,1000,1,5,1.3,5,0,0,30,30,0,0
1287685,0,1,1,300,1000,1,5,1.3,5,0,0,30,30,0,0
1292668,0,1,1,300,1000,1,5,1.3,5,1,0,30,30,0,0
1292668,0,1,1,300,1000,1,5,1.3,5,1,0,30,30,1,0
1293675,0,1,1,300,1000,1,5,1.3,5,2,0,30,30,1,0
1294680,0,1,1,300,1000,1,5,1.3,5,3,0,30,30,1,0
1295685,0,1,1,300,1000,1,5,1.3,5,4,0,30,30,1,0
1296688,0,1,1,300,1000,1,5,1.3,5,5,0,30,30,1,0
1299705,0,1,1,300,1000,1,5,1.3,5,5,0,30,30,1,0
1318798,0,1,1,300,1000,2,5,1.3,5,0,5,30,30,1,0
1318798,0,1,1,300,1000,2,5,1.3,7,0,5,30,30,1,0
1318798,0,1,1,300,1000,2,8,1.3,7,0,5,30,30,1,0
1328805,0,1,1,300,1000,2,8,1.3,7,1,5,30,30,1,0
1328805,0,1,1,300,1000,2,8,1.3,7,2,5,30,30,1,0
1329811,0,1,1,300,1000,2,8,1.3,7,3,5,30,30,1,0
1329811,0,1,1,300,1000,2,8,1.3,7,4,5,30,30,1,0
1330813,0,1,1,300,1000,2,8,1.3,7,4,6,30,30,1,0
1330813,0,1,1,300,1000,2,8,1.3,7,5,6,30,30,1,0
1331823,0,1,1,300,1000,2,8,1.3,7,6,6,30,30,1,0
1331823,0,1,1,300,1000,2,8,1.3,7,7,6,30,30,1,0
1352927,0,1,1,300,1000,3,8,1.3,7,0,13,30,30,1,0
1352927,0,1,1,300,1000,3,8,1.3,10,0,13,30,30,1,0
1352927,0,1,1,300,1000,3,14,1.3,10,0,13,30,30,1,0
1352927,0,1,1,300,1000,3,14,1.3,10,0,13,30,30,0,0
1362928,0.281579,1,1,300,1000,3,14,1.3,10,1,13,30,30,0,0
1362928,0.281579,1,1,300,1000,3,14,1.3,10,2,13,30,30,0,0
1362928,0.281579,1,1,300,1000,3,14,1.3,10,3,13,30,30,0,0
1362928,0.281579,1,1,300,1000,3,14,1.3,10,4,13,30,30,0,0
1363934,0.1697372,1,1,300,1000,3,14,1.3,10,5,13,30,30,0,0
1363934,0.1697372,1,1,300,1000,3,14,1.3,10,6,13,30,30,0,0
1363934,0.1697372,1,1,300,1000,3,14,1.3,10,7,13,30,30,0,0
1363934,0.1697372,1,1,300,1000,3,14,1.3,10,8,13,30,30,0,0
1364942,0.1513161,1,1,300,1000,3,14,1.3,10,9,13,30,30,0,0
1364942,0.1513161,1,1,300,1000,3,14,1.3,10,10,13,30,30,0,0
1365944,0.138158,1,1,300,1000,3,14,1.3,10,9,15,30,30,0,0
1365944,0.138158,1,1,300,1000,3,14,1.3,10,10,15,30,30,0,0
1369964,0.3980265,1,1,300,1000,3,14,1.3,10,10,16,30,30,0,0
1370972,0.3953952,1,1,300,1000,3,14,1.3,10,10,17,30,30,0,0
1397097,0.9088825,1,1,300,1000,4,14,1.3,10,0,27,30,30,0,0
1397097,0.9088825,1,1,300,1000,4,14,1.3,15,0,27,30,30,0,0
1397097,0.9088825,1,1,300,1000,4,30,1.3,15,0,27,30,30,0,0
1407103,0.9973693,1,1,300,1000,4,30,1.3,15,1,27,30,30,0,0
1407103,0.9973693,1,1,300,1000,4,30,1.3,15,2,27,30,30,0,0
1407103,0.9973693,1,1,300,1000,4,30,1.3,15,3,27,30,30,0,0
1407103,0.9973693,1,1,300,1000,4,30,1.3,15,4,27,30,30,0,0
1407103,0.9973693,1,1,300,1000,4,30,1.3,15,5,27,30,30,0,0
1407103,0.9973693,1,1,300,1000,4,30,1.3,15,6,27,30,30,0,0
1407103,0.9973693,1,1,300,1000,4,30,1.3,15,7,27,30,30,0,0
1407103,0.9973693,1,1,300,1000,4,30,1.3,15,8,27,30,30,0,0
1407103,0.9973693,1,1,300,1000,4,30,1.3,15,9,27,30,30,0,0
1408110,0.539803,1,1,300,1000,4,30,1.3,15,10,27,30,30,0,0
1408110,0.539803,1,1,300,1000,4,30,1.3,15,11,27,30,30,0,0
1408110,0.539803,1,1,300,1000,4,30,1.3,15,12,27,30,30,0,0
1408110,0.539803,1,1,300,1000,4,30,1.3,15,13,27,30,30,0,0
1408110,0.539803,1,1,300,1000,4,30,1.3,15,14,27,30,30,0,0
1408110,0.539803,1,1,300,1000,4,30,1.3,15,15,27,30,30,0,0
1411122,0.6055924,1,1,300,1000,4,30,1.3,15,15,28,30,30,0,0
1414139,0.5605268,1,1,300,1000,4,30,1.3,15,15,29,30,30,0,0
1416148,0.6648032,1,1,300,1000,4,30,1.3,15,15,30,30,30,0,0
1419164,0.674014,1,1,300,1000,4,30,1.3,15,14,32,30,30,0,0
1419164,0.674014,1,1,300,1000,4,30,1.3,15,15,32,30,30,0,0
1420170,0.6391454,1,1,300,1000,4,30,1.3,15,15,33,30,30,0,0
1421178,0.6486848,1,1,300,1000,4,30,1.3,15,15,34,30,30,0,0
1423183,0.8036191,1,1,300,1000,4,30,1.3,15,15,35,30,30,0,0
1424189,0.9029614,1,1,300,1000,4,30,1.3,15,15,36,30,30,0,0
1425193,0.9631586,1,1,300,1000,4,30,1.3,15,15,37,30,30,0,0
1427205,0.9404612,1,1,300,1000,4,30,1.3,15,15,38,30,30,0,0
1428208,0.9003297,1,1,300,1000,4,30,1.3,15,15,39,30,30,0,0
1436251,0.8598691,1,1,300,1000,4,30,1.3,15,15,40,30,30,0,0
1437256,0.9523034,1,1,300,1000,4,30,1.3,15,15,41,30,30,0,0
1438259,1,1,1,300,1000,4,30,1.3,15,15,42,30,30,0,0
1462378,1,1,1,300,1000,5,30,1.3,15,0,57,30,30,0,0
1462378,1,1,1,300,1000,5,30,1.3,22,0,57,30,30,0,0
1462378,1,1,1,300,1000,5,83,1.3,22,0,57,30,30,0,0
1472386,1,1,1,300,1000,5,83,1.3,22,1,57,30,30,0,0
1472386,1,1,1,300,1000,5,83,1.3,22,2,57,30,30,0,0
1472386,1,1,1,300,1000,5,83,1.3,22,3,57,30,30,0,0
1472386,1,1,1,300,1000,5,83,1.3,22,4,57,30,30,0,0
1472386,1,1,1,300,1000,5,83,1.3,22,5,57,30,30,0,0
1472386,1,1,1,300,1000,5,83,1.3,22,6,57,30,30,0,0
1472386,1,1,1,300,1000,5,83,1.3,22,7,57,30,30,0,0
1472386,1,1,1,300,1000,5,83,1.3,22,8,57,30,30,0,0
1472386,1,1,1,300,1000,5,83,1.3,22,9,57,30,30,0,0
1472386,1,1,1,300,1000,5,83,1.3,22,10,57,30,30,0,0
1472386,1,1,1,300,1000,5,83,1.3,22,11,57,30,30,0,0
1472386,1,1,1,300,1000,5,83,1.3,22,12,57,30,30,0,0
1472386,1,1,1,300,1000,5,83,1.3,22,13,57,30,30,0,0
1472386,1,1,1,300,1000,5,83,1.3,22,14,57,30,30,0,0
1472386,1,1,1,300,1000,5,83,1.3,22,15,57,30,30,0,0
1472386,1,1,1,300,1000,5,83,1.3,22,16,57,30,30,0,0
1472386,1,1,1,300,1000,5,83,1.3,22,17,57,30,30,0,0
1472386,1,1,1,300,1000,5,83,1.3,22,18,57,30,30,0,0
1472386,1,1,1,300,1000,5,83,1.3,22,19,57,30,30,0,0
1472386,1,1,1,300,1000,5,83,1.3,22,20,57,30,30,0,0
1472386,1,1,1,300,1000,5,83,1.3,22,21,57,30,30,0,0
1472386,1,1,1,300,1000,5,83,1.3,22,22,57,30,30,0,0
1475399,1,1,1,300,1000,5,83,1.3,22,22,58,30,30,0,0
1476406,1,1,1,300,1000,5,83,1.3,22,21,60,30,30,0,0
1476406,1,1,1,300,1000,5,83,1.3,22,22,60,30,30,0,0
1477413,1,1,1,300,1000,5,83,1.3,22,21,62,30,30,0,0
1477413,1,1,1,300,1000,5,83,1.3,22,22,62,30,30,0,0
1479423,1,1,1,300,1000,5,83,1.3,22,22,63,30,30,0,0
1481428,1,1,1,300,1000,5,83,1.3,22,22,64,30,30,0,0
1482436,1,1,1,300,1000,5,83,1.3,22,22,65,30,30,0,0
1485448,1,1,1,300,1000,5,83,1.3,22,22,66,30,30,0,0
1487465,1,1,1,300,1000,5,83,1.3,22,22,67,30,30,0,0
1489478,1,1,1,300,1000,5,83,1.3,22,22,68,30,30,0,0
1490475,1,1,1,300,1000,5,83,1.3,22,22,69,30,30,0,0
1493515,1,1,1,300,1000,5,83,1.3,22,16,76,30,30,0,0
1493515,1,1,1,300,1000,5,83,1.3,22,17,76,30,30,0,0
1493515,1,1,1,300,1000,5,83,1.3,22,18,76,30,30,0,0
1493515,1,1,1,300,1000,5,83,1.3,22,19,76,30,30,0,0
1493515,1,1,1,300,1000,5,83,1.3,22,20,76,30,30,0,0
1493515,1,1,1,300,1000,5,83,1.3,22,21,76,30,30,0,0
1493515,1,1,1,300,1000,5,83,1.3,22,22,76,30,30,0,0
1498524,1,1,1,300,1000,5,83,1.3,22,22,77,30,30,0,0
1501542,1,1,1,300,1000,5,83,1.3,22,22,78,30,30,0,0
1502540,1,1,1,300,1000,5,83,1.3,22,21,80,30,30,0,0
1502540,1,1,1,300,1000,5,83,1.3,22,22,80,30,30,0,0
1503541,1,1,1,300,1000,5,83,1.3,22,22,81,30,30,0,0
1506560,1,1,1,300,1000,5,83,1.3,22,22,82,30,30,0,0
1509579,1,1,1,300,1000,5,83,1.3,22,21,84,30,30,0,0
1509579,1,1,1,300,1000,5,83,1.3,22,22,84,30,30,0,0
1512592,1,1,1,300,1000,5,83,1.3,22,22,85,30,30,0,0
1516612,1,1,1,300,1000,5,83,1.3,22,22,86,30,30,0,0
1517616,1,1,1,300,1000,5,83,1.3,22,17,92,30,30,0,0
1517616,1,1,1,300,1000,5,83,1.3,22,18,92,30,30,0,0
1517616,1,1,1,300,1000,5,83,1.3,22,19,92,30,30,0,0
1517616,1,1,1,300,1000,5,83,1.3,22,20,92,30,30,0,0
1517616,1,1,1,300,1000,5,83,1.3,22,21,92,30,30,0,0
1517616,1,1,1,300,1000,5,83,1.3,22,22,92,30,30,0,0
1519624,1,1,1,300,1000,5,83,1.3,22,22,93,30,30,0,0
1523640,1,1,1,300,1000,5,83,1.3,22,22,94,30,30,0,0
1525653,1,1,1,300,1000,5,83,1.3,22,22,95,30,30,0,0
1529672,1,1,1,300,1000,5,83,1.3,22,22,96,30,30,0,0
1533694,1,1,1,300,1000,5,83,1.3,22,22,96,30,30,1,0
1535702,1,1,1,300,1000,5,83,1.3,22,22,97,30,30,1,0
1540727,1,1,1,300,1000,5,83,1.3,22,22,98,30,30,1,0
1540727,1,1,1,300,1000,5,83,1.3,22,22,98,30,30,1,0
1542745,1,1,1,300,1000,5,83,1.3,22,21,100,30,30,1,0
1542745,1,1,1,300,1000,5,83,1.3,22,22,100,30,30,1,0
1546780,1,1,1,300,1000,5,83,1.3,22,16,107,30,30,1,0
1546780,1,1,1,300,1000,5,83,1.3,22,17,107,30,30,1,0
1546780,1,1,1,300,1000,5,83,1.3,22,18,107,30,30,1,0
1546780,1,1,1,300,1000,5,83,1.3,22,19,107,30,30,1,0
1546780,1,1,1,300,1000,5,83,1.3,22,20,107,30,30,1,0
1546780,1,1,1,300,1000,5,83,1.3,22,21,107,30,30,1,0
1546780,1,1,1,300,1000,5,83,1.3,22,22,107,30,30,1,0
1548779,1,1,1,300,1000,5,83,1.3,22,22,108,30,30,1,0
1549783,1,1,1,300,1000,5,83,1.3,22,22,109,30,30,1,0
1551778,1,1,1,300,1000,5,83,1.3,22,22,110,30,30,1,0
1552786,1,1,1,300,1000,5,83,1.3,22,22,111,30,30,1,0
1557815,1,1,1,300,1000,5,83,1.3,22,22,112,30,30,1,0
1559826,1,1,1,300,1000,5,83,1.3,22,21,114,30,30,1,0
1559826,1,1,1,300,1000,5,83,1.3,22,22,114,30,30,1,0
1561844,1,1,1,300,1000,5,83,1.3,22,22,115,30,30,1,0
1562835,1,1,1,300,1000,5,83,1.3,22,22,116,30,30,1,0
1563848,1,1,1,300,1000,5,83,1.3,22,21,118,30,30,1,0
1563848,1,1,1,300,1000,5,83,1.3,22,22,118,30,30,1,0
1593999,1,1,1,300,1000,5,83,1.3,22,7,133,30,30,0,0
1605048,0.4290167,1,1,300,1000,6,83,1.3,22,0,140,30,30,0,0
1605048,0.4290167,1,1,300,1000,6,83,1.3,33,0,140,30,30,0,0
1605048,0.4290167,1,1,300,1000,6,312,1.3,33,0,140,30,30,0,0
1615051,0.4727664,1,1,300,1000,6,312,1.3,33,1,140,30,30,0,0
1615051,0.4727664,1,1,300,1000,6,312,1.3,33,2,140,30,30,0,0
1615051,0.4727664,1,1,300,1000,6,312,1.3,33,3,140,30,30,0,0
1615051,0.4727664,1,1,300,1000,6,312,1.3,33,4,140,30,30,0,0
1615051,0.4727664,1,1,300,1000,6,312,1.3,33,5,140,30,30,0,0
1615051,0.4727664,1,1,300,1000,6,312,1.3,33,6,140,30,30,0,0
1615051,0.4727664,1,1,300,1000,6,312,1.3,33,7,140,30,30,0,0
1615051,0.4727664,1,1,300,1000,6,312,1.3,33,8,140,30,30,0,0
1615051,0.4727664,1,1,300,1000,6,312,1.3,33,9,140,30,30,0,0
1615051,0.4727664,1,1,300,1000,6,312,1.3,33,10,140,30,30,0,0
1615051,0.4727664,1,1,300,1000,6,312,1.3,33,11,140,30,30,0,0
1615051,0.4727664,1,1,300,1000,6,312,1.3,33,12,140,30,30,0,0
1615051,0.4727664,1,1,300,1000,6,312,1.3,33,13,140,30,30,0,0
1615051,0.4727664,1,1,300,1000,6,312,1.3,33,14,140,30,30,0,0
1615051,0.4727664,1,1,300,1000,6,312,1.3,33,15,140,30,30,0,0
1615051,0.4727664,1,1,300,1000,6,312,1.3,33,16,140,30,30,0,0
1615051,0.4727664,1,1,300,1000,6,312,1.3,33,17,140,30,30,0,0
1615051,0.4727664,1,1,300,1000,6,312,1.3,33,18,140,30,30,0,0
1615051,0.4727664,1,1,300,1000,6,312,1.3,33,19,140,30,30,0,0
1615051,0.4727664,1,1,300,1000,6,312,1.3,33,20,140,30,30,0,0
1615051,0.4727664,1,1,300,1000,6,312,1.3,33,21,140,30,30,0,0
1615051,0.4727664,1,1,300,1000,6,312,1.3,33,22,140,30,30,0,0
1615051,0.4727664,1,1,300,1000,6,312,1.3,33,23,140,30,30,0,0
1615051,0.4727664,1,1,300,1000,6,312,1.3,33,24,140,30,30,0,0
1615051,0.4727664,1,1,300,1000,6,312,1.3,33,25,140,30,30,0,0
1615051,0.4727664,1,1,300,1000,6,312,1.3,33,26,140,30,30,0,0
1615051,0.4727664,1,1,300,1000,6,312,1.3,33,27,140,30,30,0,0
1615051,0.4727664,1,1,300,1000,6,312,1.3,33,28,140,30,30,0,0
1615051,0.4727664,1,1,300,1000,6,312,1.3,33,29,140,30,30,0,0
1615051,0.4727664,1,1,300,1000,6,312,1.3,33,30,140,30,30,0,0
1615051,0.4727664,1,1,300,1000,6,312,1.3,33,31,140,30,30,0,0
1615051,0.4727664,1,1,300,1000,6,312,1.3,33,32,140,30,30,0,0
1615051,0.4727664,1,1,300,1000,6,312,1.3,33,33,140,30,30,0,0
1621078,0.6174086,1,1,300,1000,6,312,1.3,33,32,142,30,30,0,0
1621078,0.6174086,1,1,300,1000,6,312,1.3,33,33,142,30,30,0,0
1623087,0.441516,1,1,300,1000,6,312,1.3,33,33,143,30,30,0,0
1627109,0.7544627,1,1,300,1000,6,312,1.3,33,33,144,30,30,0,0
1628116,0.8696411,1,1,300,1000,6,312,1.3,33,33,145,30,30,0,0
1629119,0.9513376,1,1,300,1000,6,312,1.3,33,33,146,30,30,0,0
1630136,1,1,1,300,1000,6,312,1.3,33,33,147,30,30,0,0
1633173,1,1,1,300,1000,6,312,1.3,33,28,153,30,30,0,0
1633173,1,1,1,300,1000,6,312,1.3,33,29,153,30,30,0,0
1633173,1,1,1,300,1000,6,312,1.3,33,30,153,30,30,0,0
1633173,1,1,1,300,1000,6,312,1.3,33,31,153,30,30,0,0
1633173,1,1,1,300,1000,6,312,1.3,33,32,153,30,30,0,0
1633173,1,1,1,300,1000,6,312,1.3,33,33,153,30,30,0,0
1635155,1,1,1,300,1000,6,312,1.3,33,32,155,30,30,0,0
1635155,1,1,1,300,1000,6,312,1.3,33,33,155,30,30,0,0
1636160,0.919641,1,1,300,1000,6,312,1.3,33,33,156,30,30,0,0
1637166,0.8598194,1,1,300,1000,6,312,1.3,33,33,157,30,30,0,0
1639177,0.7276765,1,1,300,1000,6,312,1.3,33,32,159,30,30,0,0
1639177,0.7276765,1,1,300,1000,6,312,1.3,33,33,159,30,30,0,0
1640176,0.6857119,1,1,300,1000,6,312,1.3,33,32,161,30,30,0,0
1640176,0.6857119,1,1,300,1000,6,312,1.3,33,33,161,30,30,0,0
1641182,0.6602655,1,1,300,1000,6,312,1.3,33,33,162,30,30,0,0
1645218,0.7428554,1,1,300,1000,6,312,1.3,33,33,163,30,30,0,0
1646215,0.7258909,1,1,300,1000,6,312,1.3,33,33,164,30,30,0,0
1647211,0.6892836,1,1,300,1000,6,312,1.3,33,33,165,30,30,0,0
1648217,0.6888373,1,1,300,1000,6,312,1.3,33,33,166,30,30,0,0
1649225,0.7165158,1,1,300,1000,6,312,1.3,33,32,168,30,30,0,0
1649225,0.7165158,1,1,300,1000,6,312,1.3,33,33,168,30,30,0,0
1650230,0.7745516,1,1,300,1000,6,312,1.3,33,32,170,30,30,0,0
1650230,0.7745516,1,1,300,1000,6,312,1.3,33,33,170,30,30,0,0
1651230,0.8424088,1,1,300,1000,6,312,1.3,33,33,171,30,30,0,0
1652247,0.8691946,1,1,300,1000,6,312,1.3,33,33,172,30,30,0,0
1653250,0.8656232,1,1,300,1000,6,312,1.3,33,32,174,30,30,0,0
1653250,0.8656232,1,1,300,1000,6,312,1.3,33,33,174,30,30,0,0
1654259,0.8040161,1,1,300,1000,6,312,1.3,33,33,175,30,30,0,0
1655270,0.7526771,1,1,300,1000,6,312,1.3,33,33,176,30,30,0,0
1656266,0.7129446,1,1,300,1000,6,312,1.3,33,33,177,30,30,0,0
1657263,0.695534,1,1,300,1000,6,312,1.3,33,32,179,30,30,0,0
1657263,0.695534,1,1,300,1000,6,312,1.3,33,33,179,30,30,0,0
1660277,0.8290161,1,1,300,1000,6,312,1.3,33,33,180,30,30,0,0
1661288,0.8616055,1,1,300,1000,6,312,1.3,33,33,181,30,30,0,0
1662294,0.8415163,1,1,300,1000,6,312,1.3,33,33,182,30,30,0,0
1663303,0.8267841,1,1,300,1000,6,312,1.3,33,33,183,30,30,0,0
1667319,0.72857,1,1,300,1000,6,312,1.3,33,33,184,30,30,0,0
1669320,0.7638375,1,1,300,1000,6,312,1.3,33,33,185,30,30,0,0
1670325,0.7968732,1,1,300,1000,6,312,1.3,33,33,186,30,30,0,0
1672353,1,1,1,300,1000,6,312,1.3,33,33,187,30,30,0,0
1675366,1,1,1,300,1000,6,312,1.3,33,33,188,30,30,0,0
